timestamp,value
28-01-2021 18:51,0.22185551
28-01-2021 18:56,1.44373846
28-01-2021 19:01,-0.22223746
28-01-2021 19:06,-0.5848556
28-01-2021 19:11,-2.39790497
28-01-2021 19:16,-0.03278654
28-01-2021 19:21,-0.14354741
28-01-2021 19:26,0.39752282
28-01-2021 19:31,0.04490297
28-01-2021 19:36,0.66440106
28-01-2021 19:41,0.27404197
28-01-2021 19:46,-0.03674052
28-01-2021 19:51,0.55797086
28-01-2021 19:56,0.66904918
28-01-2021 20:01,0.68168319
28-01-2021 20:06,1.07074766
28-01-2021 20:11,-0.40070915
28-01-2021 20:16,0.56816818
28-01-2021 20:21,0.6789567
28-01-2021 20:26,-0.18976092
28-01-2021 20:31,0.95608737
28-01-2021 20:36,0.08285814
28-01-2021 20:41,-0.07784292
28-01-2021 20:46,-1.40811461
28-01-2021 20:51,0.28379481
28-01-2021 20:56,-1.94849357
28-01-2021 21:01,0.34901316
28-01-2021 21:06,0.55151618
28-01-2021 21:11,-0.22467891
28-01-2021 21:16,0.88339698
28-01-2021 21:21,-1.0059493
28-01-2021 21:26,-1.40142147
28-01-2021 21:31,1.03944372
28-01-2021 21:36,-1.40752809
28-01-2021 21:41,0.83328845
28-01-2021 21:46,1.09380932
28-01-2021 21:51,-1.41842908
28-01-2021 21:56,-0.01970368
28-01-2021 22:01,-1.68671851
28-01-2021 22:06,1.4210816
28-01-2021 22:11,0.73323048
28-01-2021 22:16,0.83097221
28-01-2021 22:21,-2.18097204
28-01-2021 22:26,0.02345035
28-01-2021 22:31,-0.85898136
28-01-2021 22:36,-0.32635961
28-01-2021 22:41,-1.34063193
28-01-2021 22:46,-0.7569546
28-01-2021 22:51,0.59624995
28-01-2021 22:56,-0.84222227
28-01-2021 23:01,0.9971243
28-01-2021 23:06,-0.77970401
28-01-2021 23:11,0.87078962
28-01-2021 23:16,0.13004905
28-01-2021 23:21,-0.54998388
28-01-2021 23:26,0.35406573
28-01-2021 23:31,0.41486654
28-01-2021 23:36,0.28644222
28-01-2021 23:41,2.70734382
28-01-2021 23:46,-0.21795505
28-01-2021 23:51,-1.63039657
28-01-2021 23:56,1.0511208
29-01-2021 00:01,-0.28636213
29-01-2021 00:06,-1.10524544
29-01-2021 00:11,0.24981453
29-01-2021 00:16,-0.33014759
29-01-2021 00:21,1.59434467
29-01-2021 00:26,-0.68051496
29-01-2021 00:31,0.11441548
29-01-2021 00:36,0.998756
29-01-2021 00:41,1.12462783
29-01-2021 00:46,0.01630225
29-01-2021 00:51,0.14939138
29-01-2021 00:56,0.30919784
29-01-2021 01:01,-0.08590434
29-01-2021 01:06,-1.35260807
29-01-2021 01:11,-0.95795382
29-01-2021 01:16,1.03992913
29-01-2021 01:21,-1.11998814
29-01-2021 01:26,-0.6624797
29-01-2021 01:31,1.75718741
29-01-2021 01:36,1.17731845
29-01-2021 01:41,-0.58452377
29-01-2021 01:46,-1.32930436
29-01-2021 01:51,0.38722213
29-01-2021 01:56,0.76754125
29-01-2021 02:01,-0.29769702
29-01-2021 02:06,0.63244458
29-01-2021 02:11,-0.78330317
29-01-2021 02:16,0.33388972
29-01-2021 02:21,-0.45524072
29-01-2021 02:26,-0.31032672
29-01-2021 02:31,-1.32782338
29-01-2021 02:36,0.92255431
29-01-2021 02:41,-1.69040867
29-01-2021 02:46,-0.20183309
29-01-2021 02:51,0.66945567
29-01-2021 02:56,0.60244873
29-01-2021 03:01,0.86144193
29-01-2021 03:06,2.0052165
29-01-2021 03:11,0.21211889
29-01-2021 03:16,-1.28489707
29-01-2021 03:21,0.36161667
29-01-2021 03:26,-0.36479182
29-01-2021 03:31,-1.42191832
29-01-2021 03:36,0.40941236
29-01-2021 03:41,1.17024131
29-01-2021 03:46,-1.36568435
29-01-2021 03:51,2.457463
29-01-2021 03:56,-1.04052588
29-01-2021 04:01,1.22328148
29-01-2021 04:06,-0.13615516
29-01-2021 04:11,-0.28367682
29-01-2021 04:16,-0.35860991
29-01-2021 04:21,1.57476927
29-01-2021 04:26,-0.48153909
29-01-2021 04:31,0.01435949
29-01-2021 04:36,-0.69045286
29-01-2021 04:41,-0.13792582
29-01-2021 04:46,-0.00839413
29-01-2021 04:51,1.60257052
29-01-2021 04:56,-1.80088154
29-01-2021 05:01,1.36164307
29-01-2021 05:06,0.03944092
29-01-2021 05:11,-0.72444076
29-01-2021 05:16,0.77843702
29-01-2021 05:21,0.11820958
29-01-2021 05:26,-0.13396351
29-01-2021 05:31,1.07718956
29-01-2021 05:36,-0.59338879
29-01-2021 05:41,-0.18802496
29-01-2021 05:46,1.20074951
29-01-2021 05:51,0.12483298
29-01-2021 05:56,0.5278621
29-01-2021 06:01,2.33889704
29-01-2021 06:06,1.98676983
29-01-2021 06:11,0.43153168
29-01-2021 06:16,-1.50842918
29-01-2021 06:21,1.97124149
29-01-2021 06:26,0.82561404
29-01-2021 06:31,0.9102255
29-01-2021 06:36,0.75914402
29-01-2021 06:41,-0.96665085
29-01-2021 06:46,0.96611663
29-01-2021 06:51,-0.96738318
29-01-2021 06:56,0.87831796
29-01-2021 07:01,-1.63528858
29-01-2021 07:06,-0.10436152
29-01-2021 07:11,-0.45475968
29-01-2021 07:16,-0.34600656
29-01-2021 07:21,-0.72573447
29-01-2021 07:26,-0.29487504
29-01-2021 07:31,-0.48829029
29-01-2021 07:36,-1.03448695
29-01-2021 07:41,1.00616073
29-01-2021 07:46,-0.25849615
29-01-2021 07:51,2.41134241
29-01-2021 07:56,-0.66860544
29-01-2021 08:01,0.84082949
29-01-2021 08:06,-0.53337638
29-01-2021 08:11,1.61312192
29-01-2021 08:16,0.66631759
29-01-2021 08:21,-0.45004851
29-01-2021 08:26,-0.33974504
29-01-2021 08:31,-0.35734952
29-01-2021 08:36,0.73728678
29-01-2021 08:41,0.46181783
29-01-2021 08:46,-0.96268273
29-01-2021 08:51,-1.29898325
29-01-2021 08:56,-0.5493349
29-01-2021 09:01,-1.08260013
29-01-2021 09:06,0.55832086
29-01-2021 09:11,-0.43689413
29-01-2021 09:16,1.31965747
29-01-2021 09:21,-1.10949332
29-01-2021 09:26,-2.2805975
29-01-2021 09:31,-0.75170165
29-01-2021 09:36,0.62755203
29-01-2021 09:41,-0.55559396
29-01-2021 09:46,0.42184319
29-01-2021 09:51,0.08845204
29-01-2021 09:56,0.3245767
29-01-2021 10:01,-1.28975047
29-01-2021 10:06,-0.18642535
29-01-2021 10:11,-0.00671033
29-01-2021 10:16,0.35775086
29-01-2021 10:21,0.35067561
29-01-2021 10:26,-1.02727287
29-01-2021 10:31,0.08278912
29-01-2021 10:36,2.59069362
29-01-2021 10:41,0.65795485
29-01-2021 10:46,-0.22850441
29-01-2021 10:51,-1.15587471
29-01-2021 10:56,0.54653523
29-01-2021 11:01,-0.53536786
29-01-2021 11:06,0.38082689
29-01-2021 11:11,-1.12427426
29-01-2021 11:16,-1.38709154
29-01-2021 11:21,0.95187517
29-01-2021 11:26,0.69259138
29-01-2021 11:31,0.12284527
29-01-2021 11:36,-0.00624924
29-01-2021 11:41,-1.00708893
29-01-2021 11:46,0.85379591
29-01-2021 11:51,-0.00372347
29-01-2021 11:56,-0.26617033
29-01-2021 12:01,0.524684
29-01-2021 12:06,0.75419085
29-01-2021 12:11,0.81596212
29-01-2021 12:16,0.97822479
29-01-2021 12:21,-1.09463021
29-01-2021 12:26,-0.15663135
29-01-2021 12:31,-0.74125844
29-01-2021 12:36,1.12436039
29-01-2021 12:41,-0.4087892
29-01-2021 12:46,-0.60726617
29-01-2021 12:51,1.63856228
29-01-2021 12:56,-0.65923089
29-01-2021 13:01,-0.73937943
29-01-2021 13:06,0.52781604
29-01-2021 13:11,1.95413728
29-01-2021 13:16,0.07028504
29-01-2021 13:21,-0.01966686
29-01-2021 13:26,0.22808336
29-01-2021 13:31,1.51258336
29-01-2021 13:36,1.89700048
29-01-2021 13:41,0.27800046
29-01-2021 13:46,-0.5922103
29-01-2021 13:51,0.94876394
29-01-2021 13:56,-0.33441734
29-01-2021 14:01,-1.35314392
29-01-2021 14:06,0.21631558
29-01-2021 14:11,-1.21844094
29-01-2021 14:16,-1.9748259
29-01-2021 14:21,0.30177743
29-01-2021 14:26,-0.19495749
29-01-2021 14:31,1.7058293
29-01-2021 14:36,-0.40311175
29-01-2021 14:41,-0.73394232
29-01-2021 14:46,0.24388881
29-01-2021 14:51,0.02792417
29-01-2021 14:56,1.05291437
29-01-2021 15:01,0.35304865
29-01-2021 15:06,0.97722139
29-01-2021 15:11,-0.17764903
29-01-2021 15:16,-0.95055278
29-01-2021 15:21,0.78064106
29-01-2021 15:26,-0.38604872
29-01-2021 15:31,1.11169448
29-01-2021 15:36,1.2880786
29-01-2021 15:41,-1.9010828
29-01-2021 15:46,-0.02102669
29-01-2021 15:51,1.08333461
29-01-2021 15:56,1.50232676
29-01-2021 16:01,0.86798394
29-01-2021 16:06,0.69724892
29-01-2021 16:11,-0.09101531
29-01-2021 16:16,1.65140279
29-01-2021 16:21,-0.95031764
29-01-2021 16:26,0.76284512
29-01-2021 16:31,-0.99446806
29-01-2021 16:36,1.06680931
29-01-2021 16:41,0.91156329
29-01-2021 16:46,-0.70851347
29-01-2021 16:51,0.88117188
29-01-2021 16:56,0.35629735
29-01-2021 17:01,0.90900387
29-01-2021 17:06,-0.07802041
29-01-2021 17:11,-0.4415328
29-01-2021 17:16,0.89456414
29-01-2021 17:21,-0.65029914
29-01-2021 17:26,-0.66185557
29-01-2021 17:31,-1.95300169
29-01-2021 17:36,-0.41219872
29-01-2021 17:41,-1.77039837
29-01-2021 17:46,1.50963666
29-01-2021 17:51,1.30559055
29-01-2021 17:56,0.09906859
29-01-2021 18:01,0.22403538
29-01-2021 18:06,0.18659884
29-01-2021 18:11,-0.79950991
29-01-2021 18:16,1.04902028
29-01-2021 18:21,-1.01659348
29-01-2021 18:26,0.71239259
29-01-2021 18:31,-0.50772063
29-01-2021 18:36,-0.02853309
29-01-2021 18:41,-1.5463682
29-01-2021 18:46,1.07646827
29-01-2021 18:51,-0.06917829
29-01-2021 18:56,0.05335496
29-01-2021 19:01,0.25995892
29-01-2021 19:06,1.11167298
29-01-2021 19:11,0.52425666
29-01-2021 19:16,-0.00860682
29-01-2021 19:21,-0.07471637
29-01-2021 19:26,-1.67253542
29-01-2021 19:31,-0.42430871
29-01-2021 19:36,-0.17005766
29-01-2021 19:41,-1.4360549
29-01-2021 19:46,-0.69707776
29-01-2021 19:51,0.54831223
29-01-2021 19:56,-1.46376727
29-01-2021 20:01,1.75339198
29-01-2021 20:06,0.3096745
29-01-2021 20:11,0.2224622
29-01-2021 20:16,-0.10882094
29-01-2021 20:21,0.15180501
29-01-2021 20:26,0.23619041
29-01-2021 20:31,-0.44173756
29-01-2021 20:36,2.47514846
29-01-2021 20:41,-0.31761087
29-01-2021 20:46,-0.37599828
29-01-2021 20:51,0.32345388
29-01-2021 20:56,0.94107684
29-01-2021 21:01,-1.71294168
29-01-2021 21:06,0.64927992
29-01-2021 21:11,-0.01480267
29-01-2021 21:16,-0.97052684
29-01-2021 21:21,-0.38923368
29-01-2021 21:26,0.49564343
29-01-2021 21:31,-1.14112799
29-01-2021 21:36,-0.46279405
29-01-2021 21:41,-2.7016548
29-01-2021 21:46,-0.13548434
29-01-2021 21:51,1.3513527
29-01-2021 21:56,-0.59268263
29-01-2021 22:01,-0.72901281
29-01-2021 22:06,2.15765172
29-01-2021 22:11,1.56652337
29-01-2021 22:16,-0.15056823
29-01-2021 22:21,-1.37618711
29-01-2021 22:26,0.98209536
29-01-2021 22:31,-0.67955592
29-01-2021 22:36,0.57001223
29-01-2021 22:41,-1.71612679
29-01-2021 22:46,0.19311286
29-01-2021 22:51,-0.4615964
29-01-2021 22:56,-0.61392392
29-01-2021 23:01,-0.07293698
29-01-2021 23:06,-0.75928966
29-01-2021 23:11,-1.89651756
29-01-2021 23:16,-1.00628607
29-01-2021 23:21,-0.15448525
29-01-2021 23:26,-2.74710578
29-01-2021 23:31,0.70684499
29-01-2021 23:36,-0.42792998
29-01-2021 23:41,-0.51487079
29-01-2021 23:46,1.18236975
29-01-2021 23:51,-0.16934797
29-01-2021 23:56,-0.27659009
30-01-2021 00:01,0.36804406
30-01-2021 00:06,-1.53316952
30-01-2021 00:11,-0.02947625
30-01-2021 00:16,0.54982553
30-01-2021 00:21,-1.23235253
30-01-2021 00:26,-0.86942229
30-01-2021 00:31,-0.57034869
30-01-2021 00:36,-1.1731428
30-01-2021 00:41,0.81441701
30-01-2021 00:46,-1.44345681
30-01-2021 00:51,-0.58017698
30-01-2021 00:56,1.09570514
30-01-2021 01:01,-0.0118082
30-01-2021 01:06,0.72340987
30-01-2021 01:11,-1.21624242
30-01-2021 01:16,-2.21826515
30-01-2021 01:21,-0.18953611
30-01-2021 01:26,0.55360885
30-01-2021 01:31,0.69660708
30-01-2021 01:36,-0.06358154
30-01-2021 01:41,-1.75536718
30-01-2021 01:46,0.61515058
30-01-2021 01:51,0.59957367
30-01-2021 01:56,1.80124194
30-01-2021 02:01,0.98125102
30-01-2021 02:06,-0.61393836
30-01-2021 02:11,1.08367212
30-01-2021 02:16,-1.33547745
30-01-2021 02:21,-0.58508625
30-01-2021 02:26,-0.226754
30-01-2021 02:31,-1.76094113
30-01-2021 02:36,2.13527323
30-01-2021 02:41,-0.3347839
30-01-2021 02:46,-1.17058094
30-01-2021 02:51,1.66581195
30-01-2021 02:56,0.44411441
30-01-2021 03:01,-0.95427423
30-01-2021 03:06,-0.96284783
30-01-2021 03:11,0.0120078
30-01-2021 03:16,0.68481155
30-01-2021 03:21,-0.01090448
30-01-2021 03:26,0.05619436
30-01-2021 03:31,1.35007919
30-01-2021 03:36,-0.33673697
30-01-2021 03:41,-2.13756257
30-01-2021 03:46,-2.09710252
30-01-2021 03:51,-0.35034678
30-01-2021 03:56,-1.10984457
30-01-2021 04:01,-1.62101411
30-01-2021 04:06,0.61533016
30-01-2021 04:11,-0.5363354
30-01-2021 04:16,-0.18835521
30-01-2021 04:21,0.93343438
30-01-2021 04:26,1.04471566
30-01-2021 04:31,0.76011132
30-01-2021 04:36,0.85274358
30-01-2021 04:41,-0.04286729
30-01-2021 04:46,-1.23964517
30-01-2021 04:51,1.86124802
30-01-2021 04:56,2.29501248
30-01-2021 05:01,-0.21665516
30-01-2021 05:06,-0.23247176
30-01-2021 05:11,-0.81499542
30-01-2021 05:16,-1.24005412
30-01-2021 05:21,0.68008177
30-01-2021 05:26,0.09821403
30-01-2021 05:31,0.0418479
30-01-2021 05:36,-0.62753205
30-01-2021 05:41,-0.79959323
30-01-2021 05:46,-0.88594809
30-01-2021 05:51,-0.94812844
30-01-2021 05:56,1.67471091
30-01-2021 06:01,-1.18637085
30-01-2021 06:06,0.18083011
30-01-2021 06:11,-1.04394275
30-01-2021 06:16,1.19541618
30-01-2021 06:21,-1.2707998
30-01-2021 06:26,0.66720539
30-01-2021 06:31,-1.15648793
30-01-2021 06:36,0.36099536
30-01-2021 06:41,0.5918384
30-01-2021 06:46,-0.42299212
30-01-2021 06:51,-2.16534227
30-01-2021 06:56,-0.17285077
30-01-2021 07:01,0.44151096
30-01-2021 07:06,-1.03255462
30-01-2021 07:11,0.390335
30-01-2021 07:16,0.77811727
30-01-2021 07:21,-0.57701403
30-01-2021 07:26,0.02883394
30-01-2021 07:31,0.80107194
30-01-2021 07:36,-0.78246632
30-01-2021 07:41,-0.53944816
30-01-2021 07:46,0.22068288
30-01-2021 07:51,1.13805726
30-01-2021 07:56,1.12439775
30-01-2021 08:01,1.44105165
30-01-2021 08:06,-1.05830028
30-01-2021 08:11,0.13468041
30-01-2021 08:16,0.52229468
30-01-2021 08:21,-0.95719037
30-01-2021 08:26,0.34991844
30-01-2021 08:31,-0.07460708
30-01-2021 08:36,1.01932603
30-01-2021 08:41,0.86845855
30-01-2021 08:46,1.30491421
30-01-2021 08:51,-1.71685813
30-01-2021 08:56,-0.56479637
30-01-2021 09:01,0.00185361
30-01-2021 09:06,1.08382342
30-01-2021 09:11,-1.16083917
30-01-2021 09:16,-1.72333515
30-01-2021 09:21,0.3361632
30-01-2021 09:26,-1.53636645
30-01-2021 09:31,-0.26210758
30-01-2021 09:36,-1.47007833
30-01-2021 09:41,-1.91413351
30-01-2021 09:46,1.22857535
30-01-2021 09:51,1.71218164
30-01-2021 09:56,1.07656334
30-01-2021 10:01,-0.66072103
30-01-2021 10:06,-0.32857273
30-01-2021 10:11,0.69344491
30-01-2021 10:16,-2.18575358
30-01-2021 10:21,-0.5613624
30-01-2021 10:26,0.0190992
30-01-2021 10:31,0.45416179
30-01-2021 10:36,1.82892646
30-01-2021 10:41,-0.32162489
30-01-2021 10:46,0.16828531
30-01-2021 10:51,0.40766579
30-01-2021 10:56,-0.40299847
30-01-2021 11:01,-1.419373
30-01-2021 11:06,-0.911456
30-01-2021 11:11,-0.80215077
30-01-2021 11:16,0.99215094
30-01-2021 11:21,-0.4291857
30-01-2021 11:26,-1.78530081
30-01-2021 11:31,-0.40537025
30-01-2021 11:36,0.15324553
30-01-2021 11:41,1.10712201
30-01-2021 11:46,0.79410818
30-01-2021 11:51,0.82975136
30-01-2021 11:56,-1.29867936
30-01-2021 12:01,-1.22979039
30-01-2021 12:06,2.07790927
30-01-2021 12:11,1.87426424
30-01-2021 12:16,-0.17273728
30-01-2021 12:21,0.58558862
30-01-2021 12:26,0.39595145
28-01-2021 18:54,-1.7384816
28-01-2021 18:59,-1.36335734
28-01-2021 19:04,-0.84789401
28-01-2021 19:09,1.34176411
28-01-2021 19:14,-1.35422646
28-01-2021 19:19,-0.4543895
28-01-2021 19:24,1.05739394
28-01-2021 19:29,0.66234553
28-01-2021 19:34,-0.83530855
28-01-2021 19:39,-0.95623393
28-01-2021 19:44,1.13295573
28-01-2021 19:49,1.18733398
28-01-2021 19:54,0.48973394
28-01-2021 19:59,0.39546012
28-01-2021 20:04,-0.17856209
28-01-2021 20:09,-1.18274357
28-01-2021 20:14,-0.07214763
28-01-2021 20:19,0.60432368
28-01-2021 20:24,1.12602077
28-01-2021 20:29,0.87379618
28-01-2021 20:34,0.45194325
28-01-2021 20:39,1.08234248
28-01-2021 20:44,0.60392915
28-01-2021 20:49,1.13320173
28-01-2021 20:54,1.04639761
28-01-2021 20:59,-0.36899068
28-01-2021 21:04,0.64642602
28-01-2021 21:09,0.31892651
28-01-2021 21:14,-0.8287502
28-01-2021 21:19,1.07880672
28-01-2021 21:24,0.07534183
28-01-2021 21:29,-0.00933753
28-01-2021 21:34,-0.94277581
28-01-2021 21:39,-0.24414559
28-01-2021 21:44,-0.34683919
28-01-2021 21:49,-0.14547954
28-01-2021 21:54,1.18050851
28-01-2021 21:59,-1.01884324
28-01-2021 22:04,1.61589213
28-01-2021 22:09,0.33941951
28-01-2021 22:14,-1.28112531
28-01-2021 22:19,1.07551636
28-01-2021 22:24,1.55800189
28-01-2021 22:29,2.78158692
28-01-2021 22:34,0.22160405
28-01-2021 22:39,-0.55139253
28-01-2021 22:44,-1.33072983
28-01-2021 22:49,-0.32769147
28-01-2021 22:54,-0.69434589
28-01-2021 22:59,1.24694635
28-01-2021 23:04,0.55978435
28-01-2021 23:09,0.30949768
28-01-2021 23:14,-0.28217401
28-01-2021 23:19,-0.90168793
28-01-2021 23:24,-0.63007019
28-01-2021 23:29,-0.1782414
28-01-2021 23:34,-2.35697349
28-01-2021 23:39,1.15152352
28-01-2021 23:44,-0.1736733
28-01-2021 23:49,2.0745496
28-01-2021 23:54,0.83008891
28-01-2021 23:59,0.25156949
29-01-2021 00:04,-0.86240744
29-01-2021 00:09,-0.48446255
29-01-2021 00:14,-1.99808139
29-01-2021 00:19,0.22697397
29-01-2021 00:24,-0.63143678
29-01-2021 00:29,1.54767647
29-01-2021 00:34,-0.2128411
29-01-2021 00:39,-0.51986053
29-01-2021 00:44,0.02230444
29-01-2021 00:49,-0.10179653
29-01-2021 00:54,0.87687368
29-01-2021 00:59,0.8391613
29-01-2021 01:04,-0.36557116
29-01-2021 01:09,0.28685706
29-01-2021 01:14,-0.69439254
29-01-2021 01:19,-2.13320655
29-01-2021 01:24,-0.86283583
29-01-2021 01:29,0.26359049
29-01-2021 01:34,0.37924514
29-01-2021 01:39,0.14874057
29-01-2021 01:44,-0.13262294
29-01-2021 01:49,-1.57867455
29-01-2021 01:54,1.05484451
29-01-2021 01:59,-0.40136283
29-01-2021 02:04,-1.16774795
29-01-2021 02:09,0.69729394
29-01-2021 02:14,0.72734855
29-01-2021 02:19,-0.4462599
29-01-2021 02:24,0.45243578
29-01-2021 02:29,0.91305973
29-01-2021 02:34,-0.1096132
29-01-2021 02:39,-0.4004895
29-01-2021 02:44,-0.95369629
29-01-2021 02:49,0.27044942
29-01-2021 02:54,-1.42584967
29-01-2021 02:59,-0.31002388
29-01-2021 03:04,-0.40052876
29-01-2021 03:09,0.3117536
29-01-2021 03:14,-0.23435263
29-01-2021 03:19,-0.46885752
29-01-2021 03:24,0.44917637
29-01-2021 03:29,-0.65011903
29-01-2021 03:34,0.65185972
29-01-2021 03:39,-1.01971176
29-01-2021 03:44,-0.71724979
29-01-2021 03:49,-0.08515937
29-01-2021 03:54,2.20084072
29-01-2021 03:59,-2.07673169
29-01-2021 04:04,0.17738229
29-01-2021 04:09,0.96885243
29-01-2021 04:14,0.18547834
29-01-2021 04:19,1.14117564
29-01-2021 04:24,-0.61560164
29-01-2021 04:29,-0.44450868
29-01-2021 04:34,-1.67406325
29-01-2021 04:39,0.06119634
29-01-2021 04:44,0.57832528
29-01-2021 04:49,-0.3097394
29-01-2021 04:54,-1.6849827
29-01-2021 04:59,-0.33114563
29-01-2021 05:04,-0.51830374
29-01-2021 05:09,1.90592134
29-01-2021 05:14,0.82007093
29-01-2021 05:19,0.83191926
29-01-2021 05:24,0.31413429
29-01-2021 05:29,0.0797567
29-01-2021 05:34,-0.26830424
29-01-2021 05:39,-1.42271473
29-01-2021 05:44,3.20454483
29-01-2021 05:49,0.22778402
29-01-2021 05:54,1.8102648
29-01-2021 05:59,0.70373115
29-01-2021 06:04,0.01924211
29-01-2021 06:09,-0.02901794
29-01-2021 06:14,-0.56051556
29-01-2021 06:19,0.30477126
29-01-2021 06:24,-0.1742776
29-01-2021 06:29,-0.92887774
29-01-2021 06:34,-1.31363673
29-01-2021 06:39,0.00595737
29-01-2021 06:44,1.12115465
29-01-2021 06:49,1.15117003
29-01-2021 06:54,-0.40577328
29-01-2021 06:59,1.07233575
29-01-2021 07:04,-1.03103398
29-01-2021 07:09,-0.16401261
29-01-2021 07:14,0.50077199
29-01-2021 07:19,-0.84530186
29-01-2021 07:24,-1.20813919
29-01-2021 07:29,1.14704336
29-01-2021 07:34,1.79960099
29-01-2021 07:39,0.97054028
29-01-2021 07:44,-0.75674115
29-01-2021 07:49,1.09308717
29-01-2021 07:54,-0.86582017
29-01-2021 07:59,1.23957129
29-01-2021 08:04,0.77636174
29-01-2021 08:09,0.34698478
29-01-2021 08:14,-0.3189406
29-01-2021 08:19,0.52069636
29-01-2021 08:24,0.7503723
29-01-2021 08:29,-0.85818754
29-01-2021 08:34,-0.60672671
29-01-2021 08:39,-1.10875878
29-01-2021 08:44,-0.57657526
29-01-2021 08:49,0.80007271
29-01-2021 08:54,0.80936754
29-01-2021 08:59,0.05074483
29-01-2021 09:04,0.50992711
29-01-2021 09:09,0.79166597
29-01-2021 09:14,0.51540097
29-01-2021 09:19,-0.4858119
29-01-2021 09:24,0.67634846
29-01-2021 09:29,1.42030641
29-01-2021 09:34,2.08063578
29-01-2021 09:39,-2.33532945
29-01-2021 09:44,0.43964152
29-01-2021 09:49,-0.04762997
29-01-2021 09:54,-0.67097372
29-01-2021 09:59,-0.06355269
29-01-2021 10:04,-2.07876754
29-01-2021 10:09,2.01749879
29-01-2021 10:14,0.38273853
29-01-2021 10:19,-1.11767044
29-01-2021 10:24,-1.01367274
29-01-2021 10:29,2.45136826
29-01-2021 10:34,-0.34698981
29-01-2021 10:39,-0.27444796
29-01-2021 10:44,1.4936976
29-01-2021 10:49,-0.36199283
29-01-2021 10:54,1.02961192
29-01-2021 10:59,-2.58936485
29-01-2021 11:04,-1.60572403
29-01-2021 11:09,-1.68514694
29-01-2021 11:14,0.20999979
29-01-2021 11:19,-1.40893741
29-01-2021 11:24,-0.51230043
29-01-2021 11:29,0.24090216
29-01-2021 11:34,-0.54677315
29-01-2021 11:39,0.12409774
29-01-2021 11:44,1.11115367
29-01-2021 11:49,-1.15282732
29-01-2021 11:54,-1.56250521
29-01-2021 11:59,-0.45283752
29-01-2021 12:04,-0.04442368
29-01-2021 12:09,-0.98962415
29-01-2021 12:14,0.13060481
29-01-2021 12:19,2.0589961
29-01-2021 12:24,0.45639561
29-01-2021 12:29,-1.61048739
29-01-2021 12:34,-0.20291525
29-01-2021 12:39,-0.54230764
29-01-2021 12:44,-1.84371019
29-01-2021 12:49,0.882301
29-01-2021 12:54,0.74714434
29-01-2021 12:59,0.09989791
29-01-2021 13:04,1.11896433
29-01-2021 13:09,0.63386729
29-01-2021 13:14,1.02766717
29-01-2021 13:19,-0.66887133
29-01-2021 13:24,-0.81093896
29-01-2021 13:29,0.08700503
29-01-2021 13:34,1.18835063
29-01-2021 13:39,-0.67894392
29-01-2021 13:44,0.61629803
29-01-2021 13:49,-0.74867071
29-01-2021 13:54,0.70450926
29-01-2021 13:59,-0.45061767
29-01-2021 14:04,0.44864235
29-01-2021 14:09,1.31008643
29-01-2021 14:14,0.45442056
29-01-2021 14:19,1.21757107
29-01-2021 14:24,-0.81598143
29-01-2021 14:29,-1.34988704
29-01-2021 14:34,0.82958278
29-01-2021 14:39,1.22350094
29-01-2021 14:44,1.35808193
29-01-2021 14:49,-0.32743417
29-01-2021 14:54,0.20589678
29-01-2021 14:59,0.48790249
29-01-2021 15:04,0.94615099
29-01-2021 15:09,0.88026799
29-01-2021 15:14,-0.2953001
29-01-2021 15:19,1.36439719
29-01-2021 15:24,-1.23542057
29-01-2021 15:29,0.04513231
29-01-2021 15:34,-0.38268118
29-01-2021 15:39,0.67767971
29-01-2021 15:44,0.10152903
29-01-2021 15:49,-1.05511351
29-01-2021 15:54,-1.01978838
29-01-2021 15:59,0.42444676
29-01-2021 16:04,0.74491095
29-01-2021 16:09,-1.48107494
29-01-2021 16:14,-0.88190038
29-01-2021 16:19,0.77578223
29-01-2021 16:24,-0.07135339
29-01-2021 16:29,-0.16209939
29-01-2021 16:34,-0.08326813
29-01-2021 16:39,-1.63570615
29-01-2021 16:44,-0.35105416
29-01-2021 16:49,-0.89961857
29-01-2021 16:54,-0.38689049
29-01-2021 16:59,0.25753489
29-01-2021 17:04,0.36523475
29-01-2021 17:09,0.03565592
29-01-2021 17:14,1.97635901
29-01-2021 17:19,0.94908332
29-01-2021 17:24,0.70378939
29-01-2021 17:29,0.47864177
29-01-2021 17:34,-0.09121388
29-01-2021 17:39,0.70215913
29-01-2021 17:44,0.02238326
29-01-2021 17:49,0.40392682
29-01-2021 17:54,-0.25712318
29-01-2021 17:59,0.76265469
29-01-2021 18:04,-1.35508576
29-01-2021 18:09,-0.20944553
29-01-2021 18:14,1.40038615
29-01-2021 18:19,-0.7585433
29-01-2021 18:24,-0.50674625
29-01-2021 18:29,-0.96354961
29-01-2021 18:34,0.14912715
29-01-2021 18:39,0.88937292
29-01-2021 18:44,-0.39588715
29-01-2021 18:49,-0.68941387
29-01-2021 18:54,-2.72173846
29-01-2021 18:59,0.93075905
29-01-2021 19:04,1.76842595
29-01-2021 19:09,-0.56480455
29-01-2021 19:14,1.38592713
29-01-2021 19:19,1.91785395
29-01-2021 19:24,0.05152204
29-01-2021 19:29,-0.88073489
29-01-2021 19:34,0.21912076
29-01-2021 19:39,0.60117039
29-01-2021 19:44,-0.45996651
29-01-2021 19:49,-1.09372847
29-01-2021 19:54,0.81088175
29-01-2021 19:59,0.95325458
29-01-2021 20:04,-0.74725251
29-01-2021 20:09,-1.14890638
29-01-2021 20:14,0.88093271
29-01-2021 20:19,-0.54969461
29-01-2021 20:24,0.81047305
29-01-2021 20:29,-0.37764211
29-01-2021 20:34,-0.17839258
29-01-2021 20:39,1.80974209
29-01-2021 20:44,-0.82683134
29-01-2021 20:49,1.42600758
29-01-2021 20:54,-0.28972057
29-01-2021 20:59,-0.94925149
29-01-2021 21:04,-0.89836214
29-01-2021 21:09,-1.32997013
29-01-2021 21:14,1.67659348
29-01-2021 21:19,-0.52987821
29-01-2021 21:24,1.78627786
29-01-2021 21:29,0.52328245
29-01-2021 21:34,0.92145347
29-01-2021 21:39,-1.25720611
29-01-2021 21:44,-0.57325135
29-01-2021 21:49,-0.06181683
29-01-2021 21:54,1.06046631
29-01-2021 21:59,-0.70348186
29-01-2021 22:04,-0.94431281
29-01-2021 22:09,0.41225887
29-01-2021 22:14,-0.22647202
29-01-2021 22:19,1.30645298
29-01-2021 22:24,-0.49070919
29-01-2021 22:29,0.17963004
29-01-2021 22:34,0.59949695
29-01-2021 22:39,-1.30201218
29-01-2021 22:44,1.10409937
29-01-2021 22:49,-0.84859624
29-01-2021 22:54,-0.95649385
29-01-2021 22:59,0.04279089
29-01-2021 23:04,0.5941284
29-01-2021 23:09,-0.59424301
29-01-2021 23:14,-1.03500957
29-01-2021 23:19,-1.71603026
29-01-2021 23:24,-0.28360047
29-01-2021 23:29,1.27212712
29-01-2021 23:34,-0.98094899
29-01-2021 23:39,-0.73325474
29-01-2021 23:44,0.58378664
29-01-2021 23:49,-0.48592352
29-01-2021 23:54,0.63716564
29-01-2021 23:59,-0.7043304
30-01-2021 00:04,-0.14065419
30-01-2021 00:09,-0.51135943
30-01-2021 00:14,-2.0844105
30-01-2021 00:19,2.02774413
30-01-2021 00:24,-0.47735722
30-01-2021 00:29,2.67394513
30-01-2021 00:34,-2.16416677
30-01-2021 00:39,-0.18370486
30-01-2021 00:44,0.19258646
30-01-2021 00:49,1.69728212
30-01-2021 00:54,0.16099259
30-01-2021 00:59,2.17736896
30-01-2021 01:04,-0.32592085
30-01-2021 01:09,-0.81110107
30-01-2021 01:14,0.3142624
30-01-2021 01:19,-1.14238276
30-01-2021 01:24,-0.16969138
30-01-2021 01:29,0.38084891
30-01-2021 01:34,0.8024636
30-01-2021 01:39,-0.89038194
30-01-2021 01:44,-1.3922583
30-01-2021 01:49,1.29697724
30-01-2021 01:54,1.41893097
30-01-2021 01:59,1.04854283
30-01-2021 02:04,-2.44498962
30-01-2021 02:09,0.58262974
30-01-2021 02:14,-0.42570053
30-01-2021 02:19,0.49405393
30-01-2021 02:24,0.81426579
30-01-2021 02:29,-0.50474884
30-01-2021 02:34,-0.83725695
30-01-2021 02:39,-0.03841553
30-01-2021 02:44,-0.12081048
30-01-2021 02:49,-0.06651512
30-01-2021 02:54,0.49424823
30-01-2021 02:59,-0.21930768
30-01-2021 03:04,-1.21307158
30-01-2021 03:09,0.22215849
30-01-2021 03:14,1.44336327
30-01-2021 03:19,0.11489181
30-01-2021 03:24,-1.05348679
30-01-2021 03:29,-0.64939774
30-01-2021 03:34,0.43049704
30-01-2021 03:39,1.30507621
30-01-2021 03:44,1.77987508
30-01-2021 03:49,-0.91183913
30-01-2021 03:54,0.01384283
30-01-2021 03:59,1.89593038
30-01-2021 04:04,-0.31440704
30-01-2021 04:09,0.34173914
30-01-2021 04:14,-0.14448024
30-01-2021 04:19,0.92706642
30-01-2021 04:24,-0.41951068
30-01-2021 04:29,0.42003592
30-01-2021 04:34,-1.974638
30-01-2021 04:39,0.10808609
30-01-2021 04:44,-1.02433521
30-01-2021 04:49,0.40961798
30-01-2021 04:54,-0.65589113
30-01-2021 04:59,2.73426781
30-01-2021 05:04,0.85866173
30-01-2021 05:09,-1.32955157
30-01-2021 05:14,0.86529114
30-01-2021 05:19,-0.47965557
30-01-2021 05:24,-1.75968953
30-01-2021 05:29,-2.1434953
30-01-2021 05:34,-0.98409051
30-01-2021 05:39,-0.87414912
30-01-2021 05:44,1.21336945
30-01-2021 05:49,1.75271016
30-01-2021 05:54,0.58243444
30-01-2021 05:59,-1.76277946
30-01-2021 06:04,-1.39225116
30-01-2021 06:09,-1.29655884
30-01-2021 06:14,-0.12149687
30-01-2021 06:19,-0.54077811
30-01-2021 06:24,-0.29070472
30-01-2021 06:29,-1.78311824
30-01-2021 06:34,-0.4422734
30-01-2021 06:39,1.41015852
30-01-2021 06:44,0.03781635
30-01-2021 06:49,0.08630184
30-01-2021 06:54,-0.04528966
30-01-2021 06:59,-0.49548733
30-01-2021 07:04,-0.0543088
30-01-2021 07:09,0.00692538
30-01-2021 07:14,-0.09365637
30-01-2021 07:19,0.10377886
30-01-2021 07:24,0.46858412
30-01-2021 07:29,-0.44360994
30-01-2021 07:34,-0.7220334
30-01-2021 07:39,1.25259459
30-01-2021 07:44,0.39118509
30-01-2021 07:49,0.72251658
30-01-2021 07:54,-0.34797578
30-01-2021 07:59,-0.68782911
30-01-2021 08:04,0.28036691
30-01-2021 08:09,-1.55711299
30-01-2021 08:14,0.18528512
30-01-2021 08:19,-1.37233727
30-01-2021 08:24,1.19759698
30-01-2021 08:29,-0.03040134
30-01-2021 08:34,0.06785179
30-01-2021 08:39,-0.22245831
30-01-2021 08:44,-0.7011932
30-01-2021 08:49,-0.40088444
30-01-2021 08:54,0.91489805
30-01-2021 08:59,0.46866291
30-01-2021 09:04,-1.57582355
30-01-2021 09:09,1.0465548
30-01-2021 09:14,0.60781518
30-01-2021 09:19,0.08537683
30-01-2021 09:24,1.38166435
30-01-2021 09:29,-1.22963128
30-01-2021 09:34,-0.12946115
30-01-2021 09:39,0.42832367
30-01-2021 09:44,0.20741345
30-01-2021 09:49,0.01597344
30-01-2021 09:54,0.88402527
30-01-2021 09:59,1.28337805
30-01-2021 10:04,0.3794683
30-01-2021 10:09,-0.87569177
30-01-2021 10:14,0.76817274
30-01-2021 10:19,-1.66350703
30-01-2021 10:24,0.31542871
30-01-2021 10:29,0.42737535
30-01-2021 10:34,1.0140043
30-01-2021 10:39,-1.05314186
30-01-2021 10:44,0.55018546
30-01-2021 10:49,-0.35970466
30-01-2021 10:54,1.27123187
30-01-2021 10:59,0.4669231
30-01-2021 11:04,-0.72007363
30-01-2021 11:09,-0.78269878
30-01-2021 11:14,-0.08843083
30-01-2021 11:19,1.50943873
30-01-2021 11:24,-1.04728937
30-01-2021 11:29,-0.95654397
30-01-2021 11:34,0.96216102
30-01-2021 11:39,0.02288898
30-01-2021 11:44,1.03177073
30-01-2021 11:49,1.27397439
30-01-2021 11:54,-0.48229747
30-01-2021 11:59,0.41092582
30-01-2021 12:04,-0.69842631
30-01-2021 12:09,0.87356557
30-01-2021 12:14,0.11696503
30-01-2021 12:19,-0.46738664
30-01-2021 12:24,0.29550737
30-01-2021 12:29,-1.57603095
28-01-2021 18:57,0.30892907
28-01-2021 19:02,0.55488377
28-01-2021 19:07,0.4404844
28-01-2021 19:12,-1.76579624
28-01-2021 19:17,-0.35404958
28-01-2021 19:22,-0.69618781
28-01-2021 19:27,-0.19592014
28-01-2021 19:32,-1.16472916
28-01-2021 19:37,-0.98296807
28-01-2021 19:42,-0.12604793
28-01-2021 19:47,0.96046266
28-01-2021 19:52,0.95376547
28-01-2021 19:57,-0.45433034
28-01-2021 20:02,1.27936022
28-01-2021 20:07,0.24313233
28-01-2021 20:12,-1.12885065
28-01-2021 20:17,-1.44542977
28-01-2021 20:22,0.60188866
28-01-2021 20:27,-0.38032803
28-01-2021 20:32,0.49270985
28-01-2021 20:37,1.0930948
28-01-2021 20:42,0.26875269
28-01-2021 20:47,-2.27864909
28-01-2021 20:52,-0.23940772
28-01-2021 20:57,0.92687412
28-01-2021 21:02,1.00932106
28-01-2021 21:07,0.4999839
28-01-2021 21:12,0.8647598
28-01-2021 21:17,-1.27868652
28-01-2021 21:22,0.3691597
28-01-2021 21:27,-1.19114721
28-01-2021 21:32,0.12653271
28-01-2021 21:37,-1.11446477
28-01-2021 21:42,-0.81973546
28-01-2021 21:47,-0.44640609
28-01-2021 21:52,0.09900835
28-01-2021 21:57,-2.32684695
28-01-2021 22:02,-0.31601327
28-01-2021 22:07,-0.90537067
28-01-2021 22:12,1.28533157
28-01-2021 22:17,-2.23802063
28-01-2021 22:22,-1.72036292
28-01-2021 22:27,0.63318104
28-01-2021 22:32,-0.09809123
28-01-2021 22:37,0.43577536
28-01-2021 22:42,1.31133129
28-01-2021 22:47,-0.68698239
28-01-2021 22:52,-0.98640915
28-01-2021 22:57,-0.7919536
28-01-2021 23:02,0.73351113
28-01-2021 23:07,-0.932548
28-01-2021 23:12,-0.38699838
28-01-2021 23:17,0.72270087
28-01-2021 23:22,-1.22747868
28-01-2021 23:27,0.95602063
28-01-2021 23:32,-0.53304743
28-01-2021 23:37,0.19053857
28-01-2021 23:42,0.21065044
28-01-2021 23:47,0.52204444
28-01-2021 23:52,0.81670759
28-01-2021 23:57,2.02428345
29-01-2021 00:02,1.33511657
29-01-2021 00:07,0.83354839
29-01-2021 00:12,-0.34395357
29-01-2021 00:17,0.45105693
29-01-2021 00:22,1.29378107
29-01-2021 00:27,-0.49583963
29-01-2021 00:32,0.74766734
29-01-2021 00:37,-0.51221272
29-01-2021 00:42,-0.31188503
29-01-2021 00:47,-2.46416924
29-01-2021 00:52,-0.62144827
29-01-2021 00:57,-1.08788958
29-01-2021 01:02,-2.27318209
29-01-2021 01:07,-0.21321353
29-01-2021 01:12,1.06346735
29-01-2021 01:17,0.47429155
29-01-2021 01:22,-0.21377521
29-01-2021 01:27,-0.72467539
29-01-2021 01:32,-1.36135082
29-01-2021 01:37,2.13756531
29-01-2021 01:42,-0.12454106
29-01-2021 01:47,-0.05971235
29-01-2021 01:52,0.17726829
29-01-2021 01:57,1.66149957
29-01-2021 02:02,-0.6600414
29-01-2021 02:07,-2.05977169
29-01-2021 02:12,0.74655643
29-01-2021 02:17,0.13789896
29-01-2021 02:22,2.5884014
29-01-2021 02:27,-1.21631928
29-01-2021 02:32,-0.65604761
29-01-2021 02:37,-0.72657615
29-01-2021 02:42,-1.35262699
29-01-2021 02:47,-0.32548489
29-01-2021 02:52,1.09283971
29-01-2021 02:57,-0.80306718
29-01-2021 03:02,-0.82777724
29-01-2021 03:07,-0.82539249
29-01-2021 03:12,1.29550648
29-01-2021 03:17,0.29089967
29-01-2021 03:22,0.1038527
29-01-2021 03:27,-0.04664494
29-01-2021 03:32,0.24289715
29-01-2021 03:37,-0.05117437
29-01-2021 03:42,-1.12831737
29-01-2021 03:47,0.1288954
29-01-2021 03:52,-0.02676458
29-01-2021 03:57,0.27784627
29-01-2021 04:02,-1.14838192
29-01-2021 04:07,-0.15183092
29-01-2021 04:12,1.08346792
29-01-2021 04:17,-1.72309489
29-01-2021 04:22,0.02692701
29-01-2021 04:27,0.46542376
29-01-2021 04:32,-0.62263601
29-01-2021 04:37,-0.80169727
29-01-2021 04:42,0.10784867
29-01-2021 04:47,-0.32477993
29-01-2021 04:52,1.40666413
29-01-2021 04:57,1.44680811
29-01-2021 05:02,-0.12129887
29-01-2021 05:07,-1.19228446
29-01-2021 05:12,0.15767819
29-01-2021 05:17,-0.50029579
29-01-2021 05:22,0.44388172
29-01-2021 05:27,0.20578826
29-01-2021 05:32,0.46921245
29-01-2021 05:37,-0.33547422
29-01-2021 05:42,0.47677445
29-01-2021 05:47,-0.61904593
29-01-2021 05:52,1.35692046
29-01-2021 05:57,1.1598945
29-01-2021 06:02,1.13675093
29-01-2021 06:07,1.12720505
29-01-2021 06:12,-0.08125832
29-01-2021 06:17,-0.18622374
29-01-2021 06:22,-0.71437881
29-01-2021 06:27,0.97142771
29-01-2021 06:32,-1.09890775
29-01-2021 06:37,-0.03513892
29-01-2021 06:42,0.48950797
29-01-2021 06:47,0.50987519
29-01-2021 06:52,0.14704378
29-01-2021 06:57,-1.92025811
29-01-2021 07:02,-0.62634025
29-01-2021 07:07,0.3262144
29-01-2021 07:12,2.21987602
29-01-2021 07:17,1.77101293
29-01-2021 07:22,-0.89750975
29-01-2021 07:27,-0.99201838
29-01-2021 07:32,1.94888873
29-01-2021 07:37,-2.24172131
29-01-2021 07:42,-0.37094675
29-01-2021 07:47,0.76062147
29-01-2021 07:52,-0.34692938
29-01-2021 07:57,-0.35971328
29-01-2021 08:02,-1.63959514
29-01-2021 08:07,0.65512463
29-01-2021 08:12,1.05558402
29-01-2021 08:17,-0.40468812
29-01-2021 08:22,-0.48297555
29-01-2021 08:27,-0.38984613
29-01-2021 08:32,-1.47095442
29-01-2021 08:37,1.88007825
29-01-2021 08:42,-1.09809945
29-01-2021 08:47,-0.84784065
29-01-2021 08:52,-0.25953118
29-01-2021 08:57,1.01327426
29-01-2021 09:02,1.07942392
29-01-2021 09:07,1.63539686
29-01-2021 09:12,-0.68741231
29-01-2021 09:17,-1.06369305
29-01-2021 09:22,0.36286483
29-01-2021 09:27,1.06622638
29-01-2021 09:32,1.03305693
29-01-2021 09:37,1.06841032
29-01-2021 09:42,-0.8341426
29-01-2021 09:47,-1.79413021
29-01-2021 09:52,-0.08979541
29-01-2021 09:57,1.65055881
29-01-2021 10:02,0.10998272
29-01-2021 10:07,-0.22583315
29-01-2021 10:12,-0.01345152
29-01-2021 10:17,0.70755195
29-01-2021 10:22,1.00254703
29-01-2021 10:27,-1.39696907
29-01-2021 10:32,-1.04676474
29-01-2021 10:37,-0.18777124
29-01-2021 10:42,1.41177627
29-01-2021 10:47,0.49018375
29-01-2021 10:52,-0.99456805
29-01-2021 10:57,-0.15105438
29-01-2021 11:02,-0.74807946
29-01-2021 11:07,1.34500063
29-01-2021 11:12,0.51049211
29-01-2021 11:17,0.44268388
29-01-2021 11:22,-0.59912104
29-01-2021 11:27,-0.23460334
29-01-2021 11:32,0.57826606
29-01-2021 11:37,1.78719549
29-01-2021 11:42,-0.59457078
29-01-2021 11:47,0.24834846
29-01-2021 11:52,-0.23808516
29-01-2021 11:57,0.07527147
29-01-2021 12:02,-0.36263616
29-01-2021 12:07,-0.80557252
29-01-2021 12:12,-1.42170798
29-01-2021 12:17,0.83587172
29-01-2021 12:22,-2.19945808
29-01-2021 12:27,-1.15625863
29-01-2021 12:32,0.78316732
29-01-2021 12:37,0.86245406
29-01-2021 12:42,-0.52084675
29-01-2021 12:47,1.61700249
29-01-2021 12:52,-0.21222688
29-01-2021 12:57,1.191594
29-01-2021 13:02,1.05636785
29-01-2021 13:07,0.82291478
29-01-2021 13:12,-1.51271953
29-01-2021 13:17,0.20080589
29-01-2021 13:22,-0.70373302
29-01-2021 13:27,1.54409172
29-01-2021 13:32,0.59792865
29-01-2021 13:37,0.08468275
29-01-2021 13:42,1.68932947
29-01-2021 13:47,1.57954597
29-01-2021 13:52,0.53095426
29-01-2021 13:57,1.65080416
29-01-2021 14:02,0.75514144
29-01-2021 14:07,0.21292495
29-01-2021 14:12,0.30442222
29-01-2021 14:17,2.15817649
29-01-2021 14:22,0.31035174
29-01-2021 14:27,-1.21140127
29-01-2021 14:32,0.24701349
29-01-2021 14:37,0.82807841
29-01-2021 14:42,0.67757952
29-01-2021 14:47,-1.66763389
29-01-2021 14:52,0.35792651
29-01-2021 14:57,0.44059612
29-01-2021 15:02,2.12304791
29-01-2021 15:07,-0.39814513
29-01-2021 15:12,0.24847066
29-01-2021 15:17,1.99328157
29-01-2021 15:22,0.51633672
29-01-2021 15:27,-0.34882564
29-01-2021 15:32,0.52790444
29-01-2021 15:37,-0.81423215
29-01-2021 15:42,0.65687194
29-01-2021 15:47,-1.39633841
29-01-2021 15:52,0.58486336
29-01-2021 15:57,0.0792205
29-01-2021 16:02,-0.66483758
29-01-2021 16:07,0.53296665
29-01-2021 16:12,-0.52337829
29-01-2021 16:17,1.37360649
29-01-2021 16:22,0.07511426
29-01-2021 16:27,-0.5700014
29-01-2021 16:32,-1.15073015
29-01-2021 16:37,0.93326028
29-01-2021 16:42,0.18946543
29-01-2021 16:47,-1.50931255
29-01-2021 16:52,1.861716
29-01-2021 16:57,1.53429175
29-01-2021 17:02,0.76579411
29-01-2021 17:07,-0.74746628
29-01-2021 17:12,-0.17351596
29-01-2021 17:17,0.26762873
29-01-2021 17:22,-0.41047325
29-01-2021 17:27,-0.25054334
29-01-2021 17:32,-1.73203714
29-01-2021 17:37,-1.57418296
29-01-2021 17:42,0.29505247
29-01-2021 17:47,0.74403702
29-01-2021 17:52,0.15382987
29-01-2021 17:57,1.4888357
29-01-2021 18:02,0.03875894
29-01-2021 18:07,1.35696202
29-01-2021 18:12,0.91173058
29-01-2021 18:17,0.52626783
29-01-2021 18:22,0.27111186
29-01-2021 18:27,0.57804093
29-01-2021 18:32,0.2896261
29-01-2021 18:37,-0.95960959
29-01-2021 18:42,-0.23607865
29-01-2021 18:47,1.14699532
29-01-2021 18:52,-0.31556963
29-01-2021 18:57,-0.01169787
29-01-2021 19:02,-0.22627796
29-01-2021 19:07,-0.59360111
29-01-2021 19:12,-1.59124205
29-01-2021 19:17,0.40399807
29-01-2021 19:22,-1.55444536
29-01-2021 19:27,1.82188138
29-01-2021 19:32,-1.37235592
29-01-2021 19:37,0.01100749
29-01-2021 19:42,-0.57216373
29-01-2021 19:47,-0.00124349
29-01-2021 19:52,-0.71619771
29-01-2021 19:57,0.25539411
29-01-2021 20:02,0.59395204
29-01-2021 20:07,-0.58118978
29-01-2021 20:12,-0.02627799
29-01-2021 20:17,0.09858891
29-01-2021 20:22,0.7480634
29-01-2021 20:27,0.06494347
29-01-2021 20:32,1.36984135
29-01-2021 20:37,1.8292093
29-01-2021 20:42,-1.09058225
29-01-2021 20:47,1.12056972
29-01-2021 20:52,-0.49381436
29-01-2021 20:57,-1.71419598
29-01-2021 21:02,-0.25029381
29-01-2021 21:07,-0.09832395
29-01-2021 21:12,-1.22209951
29-01-2021 21:17,2.72305521
29-01-2021 21:22,-0.83326285
29-01-2021 21:27,0.32489105
29-01-2021 21:32,0.17811506
29-01-2021 21:37,-1.44731993
29-01-2021 21:42,-0.38058422
29-01-2021 21:47,-0.60852901
29-01-2021 21:52,-0.31347852
29-01-2021 21:57,1.34323534
29-01-2021 22:02,1.6765637
29-01-2021 22:07,-0.6350201
29-01-2021 22:12,1.08105194
29-01-2021 22:17,1.46355253
29-01-2021 22:22,1.38401644
29-01-2021 22:27,-0.26281246
29-01-2021 22:32,0.2539292
29-01-2021 22:37,0.93802831
29-01-2021 22:42,-1.32875312
29-01-2021 22:47,-0.57028066
29-01-2021 22:52,-0.91371084
29-01-2021 22:57,-0.28223413
29-01-2021 23:02,-1.52086834
29-01-2021 23:07,-0.49967789
29-01-2021 23:12,1.08303514
29-01-2021 23:17,-0.24080667
29-01-2021 23:22,-0.68627764
29-01-2021 23:27,0.70575026
29-01-2021 23:32,-0.59346612
29-01-2021 23:37,0.37207487
29-01-2021 23:42,-0.25229089
29-01-2021 23:47,-0.8952255
29-01-2021 23:52,-0.68682444
29-01-2021 23:57,0.57528325
30-01-2021 00:02,1.90624769
30-01-2021 00:07,-2.10467974
30-01-2021 00:12,0.64827319
30-01-2021 00:17,0.29577157
30-01-2021 00:22,-1.03327867
30-01-2021 00:27,0.65906836
30-01-2021 00:32,1.1298223
30-01-2021 00:37,-0.26500527
30-01-2021 00:42,0.03985698
30-01-2021 00:47,1.57312882
30-01-2021 00:52,1.88171364
30-01-2021 00:57,0.43921672
30-01-2021 01:02,-0.40036138
30-01-2021 01:07,1.6135634
30-01-2021 01:12,0.00880146
30-01-2021 01:17,-0.96153584
30-01-2021 01:22,2.21615556
30-01-2021 01:27,0.49812367
30-01-2021 01:32,0.66828604
30-01-2021 01:37,-0.03455907
30-01-2021 01:42,0.13162644
30-01-2021 01:47,-1.39863234
30-01-2021 01:52,0.55802119
30-01-2021 01:57,0.80752223
30-01-2021 02:02,-0.77752117
30-01-2021 02:07,-0.38784199
30-01-2021 02:12,0.81340589
30-01-2021 02:17,-0.04507728
30-01-2021 02:22,-0.4866437
30-01-2021 02:27,0.03856899
30-01-2021 02:32,-0.26264777
30-01-2021 02:37,-0.22209755
30-01-2021 02:42,0.178751
30-01-2021 02:47,-0.01763815
30-01-2021 02:52,0.69037714
30-01-2021 02:57,0.1333612
30-01-2021 03:02,-1.09173975
30-01-2021 03:07,-2.00617111
30-01-2021 03:12,0.99530549
30-01-2021 03:17,-0.36816681
30-01-2021 03:22,1.77741662
30-01-2021 03:27,-0.18111633
30-01-2021 03:32,-1.26369115
30-01-2021 03:37,-0.08947744
30-01-2021 03:42,-0.80012757
30-01-2021 03:47,0.97542651
30-01-2021 03:52,-1.35645283
30-01-2021 03:57,0.59778045
30-01-2021 04:02,-1.87708333
30-01-2021 04:07,2.00202022
30-01-2021 04:12,0.02664456
30-01-2021 04:17,1.28586239
30-01-2021 04:22,0.33182957
30-01-2021 04:27,-0.52382614
30-01-2021 04:32,-0.62940663
30-01-2021 04:37,1.30050569
30-01-2021 04:42,-1.08603619
30-01-2021 04:47,-0.07687206
30-01-2021 04:52,-1.04930682
30-01-2021 04:57,1.22942674
30-01-2021 05:02,0.18158214
30-01-2021 05:07,-0.26716285
30-01-2021 05:12,-0.47667249
30-01-2021 05:17,-2.09579738
30-01-2021 05:22,0.83114069
30-01-2021 05:27,-0.47987335
30-01-2021 05:32,1.09014794
30-01-2021 05:37,0.45466816
30-01-2021 05:42,0.79684738
30-01-2021 05:47,2.56102126
30-01-2021 05:52,1.58959655
30-01-2021 05:57,-1.8161578
30-01-2021 06:02,-0.2454052
30-01-2021 06:07,1.23029976
30-01-2021 06:12,0.16296084
30-01-2021 06:17,-1.29189393
30-01-2021 06:22,0.29338003
30-01-2021 06:27,0.54169543
30-01-2021 06:32,0.33325344
30-01-2021 06:37,-1.45956449
30-01-2021 06:42,-0.12393929
30-01-2021 06:47,0.65618006
30-01-2021 06:52,-0.42067581
30-01-2021 06:57,0.17186401
30-01-2021 07:02,-0.20404445
30-01-2021 07:07,0.87877981
30-01-2021 07:12,0.70201448
30-01-2021 07:17,0.62361926
30-01-2021 07:22,-2.79612175
30-01-2021 07:27,-0.47936302
30-01-2021 07:32,0.35289855
30-01-2021 07:37,-0.37125656
30-01-2021 07:42,-0.74614339
30-01-2021 07:47,2.1558823
30-01-2021 07:52,-0.83636195
30-01-2021 07:57,-0.82121217
30-01-2021 08:02,-0.0322072
30-01-2021 08:07,-0.59899935
30-01-2021 08:12,-0.46373053
30-01-2021 08:17,2.13124222
30-01-2021 08:22,-1.41958638
30-01-2021 08:27,-1.18788636
30-01-2021 08:32,-0.31909014
30-01-2021 08:37,-0.90387782
30-01-2021 08:42,0.21119892
30-01-2021 08:47,-0.51486661
30-01-2021 08:52,-0.32309825
30-01-2021 08:57,-0.04996342
30-01-2021 09:02,0.75174351
30-01-2021 09:07,0.52298754
30-01-2021 09:12,1.5285941
30-01-2021 09:17,0.25187464
30-01-2021 09:22,0.96437223
30-01-2021 09:27,0.35699645
30-01-2021 09:32,0.36173148
30-01-2021 09:37,-1.04985456
30-01-2021 09:42,-0.38607469
30-01-2021 09:47,-0.83794175
30-01-2021 09:52,-0.19509367
30-01-2021 09:57,1.69514039
30-01-2021 10:02,-0.82491404
30-01-2021 10:07,1.86531121
30-01-2021 10:12,-1.65985414
30-01-2021 10:17,-0.84662144
30-01-2021 10:22,-0.73103835
30-01-2021 10:27,-0.21693246
30-01-2021 10:32,0.71246262
30-01-2021 10:37,0.17339921
30-01-2021 10:42,-0.94520986
30-01-2021 10:47,0.59399598
30-01-2021 10:52,0.34206534
30-01-2021 10:57,-0.20724769
30-01-2021 11:02,-2.09086574
30-01-2021 11:07,0.66595057
30-01-2021 11:12,1.30083593
30-01-2021 11:17,-1.01052537
30-01-2021 11:22,-1.03918728
30-01-2021 11:27,-0.81970771
30-01-2021 11:32,0.37156107
30-01-2021 11:37,-1.44420908
30-01-2021 11:42,0.8561416
30-01-2021 11:47,-0.43709953
30-01-2021 11:52,1.66483941
30-01-2021 11:57,1.2952656
30-01-2021 12:02,-0.12907397
30-01-2021 12:07,-0.12254359
30-01-2021 12:12,-1.03082907
30-01-2021 12:17,-0.62106501
30-01-2021 12:22,-0.9732506
30-01-2021 12:27,-0.86088171
30-01-2021 12:32,0.78163117
30-01-2021 12:37,0.31447876
30-01-2021 12:42,-0.08423924
30-01-2021 12:47,-0.46070503
30-01-2021 12:52,1.35339308
30-01-2021 12:57,0.49324891
30-01-2021 13:02,1.00229139
30-01-2021 13:07,-0.8594993
30-01-2021 13:12,-0.03936692
30-01-2021 13:17,-0.51922512
30-01-2021 13:22,-1.37514654
30-01-2021 13:27,0.90206447
30-01-2021 13:32,-0.2904899
30-01-2021 13:37,0.90178188
30-01-2021 13:42,0.13474589
30-01-2021 13:47,-1.19698878
30-01-2021 13:52,1.44049069
30-01-2021 13:57,-0.33578109
30-01-2021 14:02,0.07270848
30-01-2021 14:07,1.01364589
30-01-2021 14:12,0.86764672
30-01-2021 14:17,-1.34078811
30-01-2021 14:22,-1.79582798
30-01-2021 14:27,0.74372912
30-01-2021 14:32,-0.160713
30-01-2021 14:37,0.5902705
30-01-2021 14:42,-2.69848835
30-01-2021 14:47,-0.78134902
30-01-2021 14:52,0.67554765
30-01-2021 14:57,-0.41084498
30-01-2021 15:02,-0.217635
30-01-2021 15:07,-0.91151241
30-01-2021 15:12,-1.13877826
30-01-2021 15:17,2.56356239
30-01-2021 15:22,1.93199648
30-01-2021 15:27,0.04382598
30-01-2021 15:32,-0.77976318
30-01-2021 15:37,0.0885386
30-01-2021 15:42,-2.17568808
30-01-2021 15:47,1.82623343
30-01-2021 15:52,-0.2242924
30-01-2021 15:57,-0.54740399
30-01-2021 16:02,-0.29675637
30-01-2021 16:07,0.34937324
30-01-2021 16:12,0.08047421
30-01-2021 16:17,-1.27444833
30-01-2021 16:22,-0.88693218
30-01-2021 16:27,1.53941258
30-01-2021 16:32,-0.21708765
30-01-2021 16:37,0.25530575
30-01-2021 16:42,1.3676436
30-01-2021 16:47,0.06824918
30-01-2021 16:52,1.47789273
30-01-2021 16:57,-1.12361585
30-01-2021 17:02,-1.83733202
30-01-2021 17:07,0.20154474
30-01-2021 17:12,-0.9771015
30-01-2021 17:17,1.24623716
30-01-2021 17:22,-1.1761685
30-01-2021 17:27,-0.97348913
30-01-2021 17:32,-0.67092937
30-01-2021 17:37,-0.06144448
30-01-2021 17:42,1.37946387
30-01-2021 17:47,1.48802951
30-01-2021 17:52,-0.0876769
30-01-2021 17:57,0.77016721
30-01-2021 18:02,-1.23203344
30-01-2021 18:07,0.12421625
30-01-2021 18:12,0.39450885
30-01-2021 18:17,-0.23413051
30-01-2021 18:22,0.89227134
30-01-2021 18:27,-0.59499754
30-01-2021 18:32,-0.04702742
30-01-2021 18:37,1.09630331
30-01-2021 18:42,-0.03067202
30-01-2021 18:47,1.45634776
30-01-2021 18:52,-0.25948468
30-01-2021 18:57,0.59059035
30-01-2021 19:02,-0.57820585
30-01-2021 19:07,0.74391408
30-01-2021 19:12,0.21646808
30-01-2021 19:17,-0.33286991
30-01-2021 19:22,-0.84215333
30-01-2021 19:27,0.25122065
30-01-2021 19:32,0.89380159
30-01-2021 19:37,-1.46655159
30-01-2021 19:42,-1.68372565
30-01-2021 19:47,-0.84209663
30-01-2021 19:52,-0.32899399
30-01-2021 19:57,0.12917403
30-01-2021 20:02,-0.71197913
30-01-2021 20:07,-0.75898934
30-01-2021 20:12,1.07616754
30-01-2021 20:17,-0.41642372
30-01-2021 20:22,-0.17939543
30-01-2021 20:27,-0.3824478
30-01-2021 20:32,0.23409648
30-01-2021 20:37,-0.76932104
30-01-2021 20:42,-0.4180472
30-01-2021 20:47,-0.35081485
30-01-2021 20:52,0.4030502
30-01-2021 20:57,1.36608151
30-01-2021 21:02,0.16826957
30-01-2021 21:07,-1.10147505
30-01-2021 21:12,0.81307169
30-01-2021 21:17,0.39286014
30-01-2021 21:22,1.03955397
30-01-2021 21:27,0.35162322
30-01-2021 21:32,0.07123343
30-01-2021 21:37,-0.20131259
30-01-2021 21:42,0.38325563
30-01-2021 21:47,0.9796549
30-01-2021 21:52,0.17900719
30-01-2021 21:57,-0.31000724
30-01-2021 22:02,-0.7928048
30-01-2021 22:07,0.18758996
30-01-2021 22:12,1.26992321
30-01-2021 22:17,-0.43152578
30-01-2021 22:22,0.13396373
30-01-2021 22:27,0.40545536
30-01-2021 22:32,0.05336701
30-01-2021 22:37,-2.31052903
30-01-2021 22:42,0.32820717
30-01-2021 22:47,0.37914823
30-01-2021 22:52,0.78430708
30-01-2021 22:57,0.58538685
30-01-2021 23:02,0.53314677
30-01-2021 23:07,1.35324311
30-01-2021 23:12,1.41239813
30-01-2021 23:17,0.35018184
30-01-2021 23:22,1.27747197
30-01-2021 23:27,0.57483477
30-01-2021 23:32,0.17663341
30-01-2021 23:37,0.90519318
30-01-2021 23:42,0.9121544
30-01-2021 23:47,-2.06532129
30-01-2021 23:52,-0.80618691
30-01-2021 23:57,2.07733329
31-01-2021 00:02,-0.02668435
31-01-2021 00:07,0.2779083
31-01-2021 00:12,1.0851994
31-01-2021 00:17,-0.46165442
31-01-2021 00:22,0.66088115
31-01-2021 00:27,0.61785635
31-01-2021 00:32,-0.82867793
31-01-2021 00:37,-0.29362979
31-01-2021 00:42,-1.71489728
31-01-2021 00:47,-0.12251449
31-01-2021 00:52,0.30010854
31-01-2021 00:57,-1.75233075
31-01-2021 01:02,0.7838651
31-01-2021 01:07,0.37518886
31-01-2021 01:12,1.00306889
31-01-2021 01:17,0.73072798
31-01-2021 01:22,1.74070443
31-01-2021 01:27,-0.70097234
31-01-2021 01:32,0.76973048
31-01-2021 01:37,-0.64517666
31-01-2021 01:42,-1.33279612
31-01-2021 01:47,1.16106863
31-01-2021 01:52,1.00961503
31-01-2021 01:57,-0.00953462
31-01-2021 02:02,1.16553168
31-01-2021 02:07,0.30669739
31-01-2021 02:12,2.29954642
31-01-2021 02:17,1.47358712
31-01-2021 02:22,-0.85139696
31-01-2021 02:27,1.14807283
31-01-2021 02:32,-0.79918014
31-01-2021 02:37,-0.91011829
31-01-2021 02:42,-1.36818537
31-01-2021 02:47,-1.01842366
31-01-2021 02:52,-0.31865647
31-01-2021 02:57,-1.8729394
31-01-2021 03:02,1.18607496
31-01-2021 03:07,0.67982244
31-01-2021 03:12,0.67151055
31-01-2021 03:17,0.32434871
31-01-2021 03:22,0.73425022
31-01-2021 03:27,0.39258897
31-01-2021 03:32,0.81985817
31-01-2021 03:37,-0.16011641
31-01-2021 03:42,0.44043991
31-01-2021 03:47,0.37269248
31-01-2021 03:52,2.03286845
31-01-2021 03:57,-1.18586095
31-01-2021 04:02,1.24027216
31-01-2021 04:07,0.59195921
31-01-2021 04:12,-0.32811922
31-01-2021 04:17,1.83590422
31-01-2021 04:22,-1.64701749
31-01-2021 04:27,0.13650016
31-01-2021 04:32,-3.43683248
31-01-2021 04:37,-0.80634103
31-01-2021 04:42,0.76256249
31-01-2021 04:47,1.09594623
31-01-2021 04:52,-1.20990227
31-01-2021 04:57,-0.27720201
31-01-2021 05:02,0.16487687
31-01-2021 05:07,0.35436212
31-01-2021 05:12,0.95134866
31-01-2021 05:17,-1.7741217
31-01-2021 05:22,-0.37090966
31-01-2021 05:27,-0.73764675
31-01-2021 05:32,-0.4489325
31-01-2021 05:37,0.72018013
31-01-2021 05:42,0.28375601
31-01-2021 05:47,-0.34536449
31-01-2021 05:52,-0.6137085
31-01-2021 05:57,-2.17886214
31-01-2021 06:02,-0.70135786
31-01-2021 06:07,-0.4580861
31-01-2021 06:12,1.04606573
31-01-2021 06:17,-1.18451396
31-01-2021 06:22,0.79221526
31-01-2021 06:27,-0.8185948
31-01-2021 06:32,0.51512631
31-01-2021 06:37,-0.70101766
31-01-2021 06:42,0.5048376
31-01-2021 06:47,1.78287509
31-01-2021 06:52,0.63754372
31-01-2021 06:57,0.52609603
31-01-2021 07:02,0.69094256
31-01-2021 07:07,-0.76087914
31-01-2021 07:12,-1.102626
31-01-2021 07:17,-1.22147497
31-01-2021 07:22,0.1577262
31-01-2021 07:27,-1.05032917
31-01-2021 07:32,0.93428104
31-01-2021 07:37,2.4264981
31-01-2021 07:42,-0.74571273
31-01-2021 07:47,1.20143091
31-01-2021 07:52,1.5281935
31-01-2021 07:57,0.85344437
31-01-2021 08:02,0.9994122
31-01-2021 08:07,0.00381836
31-01-2021 08:12,-0.14929512
31-01-2021 08:17,1.23480432
31-01-2021 08:22,-1.53753575
31-01-2021 08:27,-0.2026326
31-01-2021 08:32,1.41844142
31-01-2021 08:37,-1.78052861
31-01-2021 08:42,1.38177675
31-01-2021 08:47,1.84544097
31-01-2021 08:52,-1.14695429
31-01-2021 08:57,2.66297309
31-01-2021 09:02,2.22514512
31-01-2021 09:07,1.12188121
31-01-2021 09:12,0.78611075
31-01-2021 09:17,-0.7956919
31-01-2021 09:22,1.29986612
31-01-2021 09:27,1.09161113
31-01-2021 09:32,-0.3697579
31-01-2021 09:37,-0.71695299
31-01-2021 09:42,-0.20314207
31-01-2021 09:47,0.5958446
31-01-2021 09:52,-0.60143808
31-01-2021 09:57,-1.64217765
31-01-2021 10:02,-0.18940623
31-01-2021 10:07,-0.97388968
31-01-2021 10:12,-0.49474326
31-01-2021 10:17,-0.10440746
31-01-2021 10:22,1.01720925
31-01-2021 10:27,0.43984214
31-01-2021 10:32,-0.76972699
31-01-2021 10:37,1.16370973
31-01-2021 10:42,0.15453547
31-01-2021 10:47,-0.64656338
31-01-2021 10:52,-0.31810306
31-01-2021 10:57,-1.4470345
31-01-2021 11:02,1.47918897
31-01-2021 11:07,-0.25147328
31-01-2021 11:12,2.2093646
31-01-2021 11:17,-1.16708841
31-01-2021 11:22,-0.97892608
31-01-2021 11:27,0.85736275
31-01-2021 11:32,-0.79004664
31-01-2021 11:37,-1.88994201
31-01-2021 11:42,-0.06729046
31-01-2021 11:47,-0.0560482
31-01-2021 11:52,1.07252423
31-01-2021 11:57,0.31550824
31-01-2021 12:02,1.18665518
31-01-2021 12:07,0.70636655
31-01-2021 12:12,-0.24202619
31-01-2021 12:17,1.24505747
31-01-2021 12:22,0.86757918
31-01-2021 12:27,-1.41058344
31-01-2021 12:32,0.35180456
31-01-2021 12:37,-0.39165782
31-01-2021 12:42,0.10181249
31-01-2021 12:47,1.03195293
31-01-2021 12:52,-0.96196762
31-01-2021 12:57,-0.39185222
31-01-2021 13:02,0.14750968
31-01-2021 13:07,-0.003064
31-01-2021 13:12,1.59510993
31-01-2021 13:17,0.21574734
31-01-2021 13:22,-0.09719273
31-01-2021 13:27,-0.14787348
31-01-2021 13:32,-0.80881747
31-01-2021 13:37,-0.77929205
31-01-2021 13:42,0.21940164
31-01-2021 13:47,-0.59821138
31-01-2021 13:52,0.29935296
31-01-2021 13:57,0.7552163
31-01-2021 14:02,-0.71308664
31-01-2021 14:07,0.55779912
31-01-2021 14:12,-2.40064187
31-01-2021 14:17,-0.16875257
31-01-2021 14:22,-0.16381997
31-01-2021 14:27,0.83181517
31-01-2021 14:32,-0.9719337
31-01-2021 14:37,-0.3710938
31-01-2021 14:42,-1.27419655
31-01-2021 14:47,-0.73066596
31-01-2021 14:52,-0.60369212
31-01-2021 14:57,-0.13547671
31-01-2021 15:02,1.49464805
31-01-2021 15:07,0.57409796
31-01-2021 15:12,-0.62069566
31-01-2021 15:17,-2.89522355
31-01-2021 15:22,0.80363153
31-01-2021 15:27,-0.60959223
31-01-2021 15:32,1.05112461
31-01-2021 15:37,-1.02617646
31-01-2021 15:42,1.93536689
31-01-2021 15:47,-0.83580807
31-01-2021 15:52,0.51874656
31-01-2021 15:57,0.1700281
31-01-2021 16:02,-1.92698458
31-01-2021 16:07,-0.44804378
31-01-2021 16:12,0.15940028
31-01-2021 16:17,-0.26245194
31-01-2021 16:22,0.23079749
31-01-2021 16:27,0.54065961
31-01-2021 16:32,1.23001678
31-01-2021 16:37,-0.31133035
31-01-2021 16:42,0.60585558
31-01-2021 16:47,0.81739166
31-01-2021 16:52,-0.74721344
31-01-2021 16:57,-0.0354757
31-01-2021 17:02,-1.82139597
31-01-2021 17:07,0.91638425
31-01-2021 17:12,-0.85665188
31-01-2021 17:17,-1.56265096
31-01-2021 17:22,0.16132725
31-01-2021 17:27,0.06483751
31-01-2021 17:32,-1.42833402
31-01-2021 17:37,1.73954972
31-01-2021 17:42,-0.55966933
31-01-2021 17:47,0.38784897
31-01-2021 17:52,-0.92921972
31-01-2021 17:57,-0.21414907
31-01-2021 18:02,0.03758215
31-01-2021 18:07,0.78420008
31-01-2021 18:12,1.61877903
31-01-2021 18:17,1.57975204
31-01-2021 18:22,-1.00893434
31-01-2021 18:27,0.65622498
31-01-2021 18:32,0.61103453
31-01-2021 18:37,0.6984071
31-01-2021 18:42,-0.91576561
31-01-2021 18:47,-0.08995131
31-01-2021 18:52,0.84145613
31-01-2021 18:57,-0.06291381
31-01-2021 19:02,0.60595622
31-01-2021 19:07,0.66639556
31-01-2021 19:12,-1.00621986
31-01-2021 19:17,0.2077037
31-01-2021 19:22,-0.28172068
31-01-2021 19:27,0.20468121
31-01-2021 19:32,-0.46672028
31-01-2021 19:37,0.21291977
31-01-2021 19:42,1.38621179
31-01-2021 19:47,-1.32483479
31-01-2021 19:52,-0.39459042
31-01-2021 19:57,1.14586881
31-01-2021 20:02,0.68765869
31-01-2021 20:07,-0.44713421
31-01-2021 20:12,0.42666079
31-01-2021 20:17,-0.47337845
31-01-2021 20:22,0.34049745
31-01-2021 20:27,-0.62013825
31-01-2021 20:32,0.01153723
31-01-2021 20:37,-0.00616974
31-01-2021 20:42,0.76504808
31-01-2021 20:47,-1.1552702
31-01-2021 20:52,-0.46207128
31-01-2021 20:57,-1.39280044
31-01-2021 21:02,-1.86112454
31-01-2021 21:07,0.57608465
31-01-2021 21:12,-0.00219848
31-01-2021 21:17,0.91288139
31-01-2021 21:22,0.12297835
31-01-2021 21:27,-1.11363807
31-01-2021 21:32,0.92992188
31-01-2021 21:37,0.07317525
31-01-2021 21:42,-0.45212921
31-01-2021 21:47,-0.97154702
31-01-2021 21:52,-0.23760152
31-01-2021 21:57,-1.58063506
31-01-2021 22:02,1.64544171
31-01-2021 22:07,-0.89575561
31-01-2021 22:12,-1.05489199
31-01-2021 22:17,0.95635901
31-01-2021 22:22,-0.70886478
31-01-2021 22:27,-0.25871063
31-01-2021 22:32,1.48394111
31-01-2021 22:37,-0.4186815
31-01-2021 22:42,0.05641934
31-01-2021 22:47,0.6834909
31-01-2021 22:52,0.04186403
31-01-2021 22:57,-1.84349518
31-01-2021 23:02,1.590865
31-01-2021 23:07,0.2088896
31-01-2021 23:12,0.19193766
31-01-2021 23:17,-0.06469845
31-01-2021 23:22,0.12296956
31-01-2021 23:27,0.60704374
31-01-2021 23:32,0.52958018
31-01-2021 23:37,0.4211805
31-01-2021 23:42,-0.6578984
31-01-2021 23:47,-0.56290616
31-01-2021 23:52,-1.9558721
31-01-2021 23:57,-0.05761616
01-02-2021 00:02,-0.40636676
01-02-2021 00:07,1.09111453
01-02-2021 00:12,-0.41027516
01-02-2021 00:17,-0.274037
01-02-2021 00:22,1.17597173
01-02-2021 00:27,-0.08401439
01-02-2021 00:32,0.06442839
01-02-2021 00:37,-0.69035915
01-02-2021 00:42,1.20496971
01-02-2021 00:47,0.25453264
01-02-2021 00:52,-0.07864613
01-02-2021 00:57,-0.18241045
01-02-2021 01:02,0.79207784
01-02-2021 01:07,-0.17416273
01-02-2021 01:12,1.15389406
01-02-2021 01:17,0.92688807
01-02-2021 01:22,0.77934913
01-02-2021 01:27,0.32310659
01-02-2021 01:32,-0.4035303
01-02-2021 01:37,-0.77636382
01-02-2021 01:42,-0.78261496
01-02-2021 01:47,0.51742661
01-02-2021 01:52,2.18445651
01-02-2021 01:57,0.4083096
01-02-2021 02:02,-1.52439126
01-02-2021 02:07,-0.57685734
01-02-2021 02:12,-3.67194011
01-02-2021 02:17,2.02419201
01-02-2021 02:22,0.95156965
01-02-2021 02:27,0.69870692
01-02-2021 02:32,0.96558499
01-02-2021 02:37,-1.7057441
01-02-2021 02:42,-0.56235759
01-02-2021 02:47,0.49336949
01-02-2021 02:52,-0.61312627
01-02-2021 02:57,-0.15194973
01-02-2021 03:02,-1.08876798
01-02-2021 03:07,1.14225471
01-02-2021 03:12,-1.1798169
01-02-2021 03:17,0.36379542
01-02-2021 03:22,1.64839639
01-02-2021 03:27,1.31009857
01-02-2021 03:32,1.4147793
01-02-2021 03:37,-0.30989429
01-02-2021 03:42,0.24058976
01-02-2021 03:47,-0.06759109
01-02-2021 03:52,0.34895396
01-02-2021 03:57,0.84391579
01-02-2021 04:02,-0.54025901
01-02-2021 04:07,-1.05395698
01-02-2021 04:12,1.62247974
01-02-2021 04:17,-0.19935208
01-02-2021 04:22,-0.34134055
01-02-2021 04:27,0.13844341
01-02-2021 04:32,-0.82509484
01-02-2021 04:37,0.31462943
01-02-2021 04:42,-0.20790339
01-02-2021 04:47,1.39693656
01-02-2021 04:52,0.72612423
01-02-2021 04:57,0.79033074
01-02-2021 05:02,-0.35673015
01-02-2021 05:07,-0.65243915
01-02-2021 05:12,-1.31925017
01-02-2021 05:17,-0.95504075
01-02-2021 05:22,-0.54441651
01-02-2021 05:27,1.69128197
01-02-2021 05:32,1.51704797
01-02-2021 05:37,-0.07572088
01-02-2021 05:42,-0.03302433
01-02-2021 05:47,1.66271009
01-02-2021 05:52,-0.62930279
01-02-2021 05:57,-0.05093688
01-02-2021 06:02,0.29358423
01-02-2021 06:07,-0.81241399
01-02-2021 06:12,-0.34781955
28-01-2021 18:58,1.13287571
28-01-2021 19:03,-0.06239368
28-01-2021 19:08,-1.30514549
28-01-2021 19:13,-0.05750983
28-01-2021 19:18,-1.09416297
28-01-2021 19:23,1.4885313
28-01-2021 19:28,-0.54563564
28-01-2021 19:33,-0.1629295
28-01-2021 19:38,1.42011448
28-01-2021 19:43,-0.86103994
28-01-2021 19:48,0.48437177
28-01-2021 19:53,0.19050453
28-01-2021 19:58,0.1648123
28-01-2021 20:03,0.93913754
28-01-2021 20:08,0.3227453
28-01-2021 20:13,-1.34805175
28-01-2021 20:18,-0.14100076
28-01-2021 20:23,-0.40691525
28-01-2021 20:28,-0.96812848
28-01-2021 20:33,-0.28838777
28-01-2021 20:38,0.64858065
28-01-2021 20:43,2.50452782
28-01-2021 20:48,-0.57230644
28-01-2021 20:53,-0.3191354
28-01-2021 20:58,1.43456561
28-01-2021 21:03,-0.81497878
28-01-2021 21:08,-0.31108577
28-01-2021 21:13,0.65082228
28-01-2021 21:18,2.66340608
28-01-2021 21:23,0.08996021
28-01-2021 21:28,-1.1818824
28-01-2021 21:33,1.31670748
28-01-2021 21:38,-0.60728819
28-01-2021 21:43,0.4992702
28-01-2021 21:48,0.32747167
28-01-2021 21:53,-1.55412813
28-01-2021 21:58,-0.60758675
28-01-2021 22:03,1.12748625
28-01-2021 22:08,1.62558586
28-01-2021 22:13,-1.05234879
28-01-2021 22:18,0.78156765
28-01-2021 22:23,-0.09225276
28-01-2021 22:28,-0.07533409
28-01-2021 22:33,-0.44283514
28-01-2021 22:38,1.82803692
28-01-2021 22:43,1.36134148
28-01-2021 22:48,0.0665164
28-01-2021 22:53,0.43406873
28-01-2021 22:58,-1.09346497
28-01-2021 23:03,-0.460376
28-01-2021 23:08,1.24393735
28-01-2021 23:13,0.29082877
28-01-2021 23:18,-0.17337331
28-01-2021 23:23,0.12255324
28-01-2021 23:28,-0.55808196
28-01-2021 23:33,0.3660466
28-01-2021 23:38,1.62851311
28-01-2021 23:43,0.54472669
28-01-2021 23:48,-0.92016799
28-01-2021 23:53,-0.39005065
28-01-2021 23:58,0.20342076
29-01-2021 00:03,-0.1916244
29-01-2021 00:08,0.97317701
29-01-2021 00:13,0.2220918
29-01-2021 00:18,-0.25708423
29-01-2021 00:23,-1.20031356
29-01-2021 00:28,0.80362635
29-01-2021 00:33,-1.13190163
29-01-2021 00:38,-0.37545953
29-01-2021 00:43,0.67257211
29-01-2021 00:48,0.28581916
29-01-2021 00:53,1.84501992
29-01-2021 00:58,0.56495109
29-01-2021 01:03,-0.07524
29-01-2021 01:08,-0.7459065
29-01-2021 01:13,0.53700311
29-01-2021 01:18,-0.7709544
29-01-2021 01:23,-0.17419657
29-01-2021 01:28,-1.55296664
29-01-2021 01:33,-0.07780233
29-01-2021 01:38,-0.15571888
29-01-2021 01:43,-0.39119019
29-01-2021 01:48,-0.59943831
29-01-2021 01:53,-1.35196018
29-01-2021 01:58,-2.35330879
29-01-2021 02:03,-0.52585187
29-01-2021 02:08,-2.76598422
29-01-2021 02:13,0.57835997
29-01-2021 02:18,-1.2051374
29-01-2021 02:23,-1.22835308
29-01-2021 02:28,0.37260915
29-01-2021 02:33,0.28365334
29-01-2021 02:38,-2.14177069
29-01-2021 02:43,1.00716174
29-01-2021 02:48,-0.8661627
29-01-2021 02:53,0.08485467
29-01-2021 02:58,-1.45783562
29-01-2021 03:03,2.39976308
29-01-2021 03:08,-0.09969789
29-01-2021 03:13,-1.8022409
29-01-2021 03:18,0.30047556
29-01-2021 03:23,-0.93145092
29-01-2021 03:28,-0.710611
29-01-2021 03:33,-0.05601048
29-01-2021 03:38,1.43847089
29-01-2021 03:43,-0.18038272
29-01-2021 03:48,-0.65121058
29-01-2021 03:53,-0.07851503
29-01-2021 03:58,1.56011564
29-01-2021 04:03,0.44324563
29-01-2021 04:08,0.26351817
29-01-2021 04:13,-1.42816988
29-01-2021 04:18,-0.26021435
29-01-2021 04:23,-1.13468536
29-01-2021 04:28,0.70327683
29-01-2021 04:33,0.27139177
29-01-2021 04:38,1.14874076
29-01-2021 04:43,-0.75744337
29-01-2021 04:48,-0.81756302
29-01-2021 04:53,0.92479344
29-01-2021 04:58,0.24785452
29-01-2021 05:03,-0.36661014
29-01-2021 05:08,-1.61134839
29-01-2021 05:13,0.21720404
29-01-2021 05:18,-0.12084408
29-01-2021 05:23,-4.526598
29-01-2021 05:28,1.37631372
29-01-2021 05:33,-3.74009604
29-01-2021 05:38,-4.1268078
29-01-2021 05:43,5.08277354
29-01-2021 05:48,3.80525438
29-01-2021 05:53,-4.9880928
29-01-2021 05:58,-0.50677057
29-01-2021 06:03,-0.65179995
29-01-2021 06:08,0.46084129
29-01-2021 06:13,-0.96896828
29-01-2021 06:18,-0.51695621
29-01-2021 06:23,-0.25856212
29-01-2021 06:28,5.2145575
29-01-2021 06:33,5.05695756
29-01-2021 06:38,2.29601492
29-01-2021 06:43,2.99203151
29-01-2021 06:48,-1.58669937
29-01-2021 06:53,-0.60956048
29-01-2021 06:58,0.91199032
29-01-2021 07:03,-0.60555595
29-01-2021 07:08,1.87583893
29-01-2021 07:13,2.9925899
29-01-2021 07:18,4.7657412
29-01-2021 07:23,2.87510135
29-01-2021 07:28,7.15298124
29-01-2021 07:33,-1.27233582
29-01-2021 07:38,0.92292572
29-01-2021 07:43,-0.95846862
29-01-2021 07:48,-0.72324652
29-01-2021 07:53,-3.16810594
29-01-2021 07:58,4.78848713
29-01-2021 08:03,-0.08240679
29-01-2021 08:08,-1.28385797
29-01-2021 08:13,-3.41767419
29-01-2021 08:18,2.1019361
29-01-2021 08:23,0.6093629
29-01-2021 08:28,-4.31452908
29-01-2021 08:33,0.43348948
29-01-2021 08:38,1.34153792
29-01-2021 08:43,-2.31372405
29-01-2021 08:48,-4.23442476
29-01-2021 08:53,4.37626757
29-01-2021 08:58,-2.48613806
29-01-2021 09:03,-2.14844311
29-01-2021 09:08,-1.61536406
29-01-2021 09:13,2.66903171
29-01-2021 09:18,0.31647398
29-01-2021 09:23,1.30834303
29-01-2021 09:28,2.82997066
29-01-2021 09:33,2.7638451
29-01-2021 09:38,-2.64630001
29-01-2021 09:43,-2.36643477
29-01-2021 09:48,-0.25513074
29-01-2021 09:53,-2.79264938
29-01-2021 09:58,-0.52918958
29-01-2021 10:03,4.190701
29-01-2021 10:08,-3.67197402
29-01-2021 10:13,0.63817513
29-01-2021 10:18,-4.26406293
29-01-2021 10:23,-1.17426626
29-01-2021 10:28,1.01826431
29-01-2021 10:33,-5.37061491
29-01-2021 10:38,2.93235127
29-01-2021 10:43,3.22100288
29-01-2021 10:48,1.49049023
29-01-2021 10:53,1.60478879
29-01-2021 10:58,3.61981004
29-01-2021 11:03,3.74109033
29-01-2021 11:08,-0.49968061
29-01-2021 11:13,-4.73474082
29-01-2021 11:18,2.22140725
29-01-2021 11:23,4.79413238
29-01-2021 11:28,7.35745061
29-01-2021 11:33,0.6819079
29-01-2021 11:38,1.40919149
29-01-2021 11:43,-3.15854488
29-01-2021 11:48,4.16737005
29-01-2021 11:53,-1.53358824
29-01-2021 11:58,2.13755342
29-01-2021 12:03,-2.30133512
29-01-2021 12:08,2.69521216
29-01-2021 12:13,0.07374327
29-01-2021 12:18,1.28158651
29-01-2021 12:23,-3.32495064
29-01-2021 12:28,1.25652905
29-01-2021 12:33,-1.12931859
29-01-2021 12:38,0.27937308
29-01-2021 12:43,1.12643762
29-01-2021 12:48,-4.32043244
29-01-2021 12:53,-0.18706587
29-01-2021 12:58,-0.02493057
29-01-2021 13:03,-1.01253072
29-01-2021 13:08,1.27680631
29-01-2021 13:13,1.54094954
29-01-2021 13:18,0.63567235
29-01-2021 13:23,-0.25744269
29-01-2021 13:28,6.22257462
29-01-2021 13:33,3.32716096
29-01-2021 13:38,4.13414907
29-01-2021 13:43,5.57750053
29-01-2021 13:48,-4.16100069
29-01-2021 13:53,4.18051844
29-01-2021 13:58,0.4837974
29-01-2021 14:03,-0.57399972
29-01-2021 14:08,2.94177588
29-01-2021 14:13,-0.47991969
29-01-2021 14:18,-2.16918408
29-01-2021 14:23,-4.04997136
29-01-2021 14:28,1.36865827
29-01-2021 14:33,4.67700629
29-01-2021 14:38,-6.87610486
29-01-2021 14:43,2.92811825
29-01-2021 14:48,-2.09080177
29-01-2021 14:53,-0.3603182
29-01-2021 14:58,-0.26712218
29-01-2021 15:03,6.12636586
29-01-2021 15:08,-0.32004855
29-01-2021 15:13,-0.67137743
29-01-2021 15:18,1.68733492
29-01-2021 15:23,-0.55948745
29-01-2021 15:28,-0.99773308
29-01-2021 15:33,1.30740502
29-01-2021 15:38,-0.04981748
29-01-2021 15:43,0.3197449
29-01-2021 15:48,0.4314543
29-01-2021 15:53,-0.80834621
29-01-2021 15:58,0.08844186
29-01-2021 16:03,0.51986427
29-01-2021 16:08,0.81018498
29-01-2021 16:13,-1.18992454
29-01-2021 16:18,1.08977705
29-01-2021 16:23,-0.43604354
29-01-2021 16:28,-0.42598727
29-01-2021 16:33,-0.24835785
29-01-2021 16:38,-0.85276868
29-01-2021 16:43,0.18095998
29-01-2021 16:48,1.21669438
29-01-2021 16:53,0.68854408
29-01-2021 16:58,-1.49022558
29-01-2021 17:03,0.01108461
29-01-2021 17:08,0.89547361
29-01-2021 17:13,0.15845926
29-01-2021 17:18,1.30451036
29-01-2021 17:23,1.15696107
29-01-2021 17:28,1.34866892
29-01-2021 17:33,1.04175716
29-01-2021 17:38,-0.21709233
29-01-2021 17:43,-0.05826068
29-01-2021 17:48,2.75250804
29-01-2021 17:53,0.09786521
29-01-2021 17:58,0.88313653
29-01-2021 18:03,0.7368315
29-01-2021 18:08,0.9508257
29-01-2021 18:13,-0.62262127
29-01-2021 18:18,1.09376101
29-01-2021 18:23,1.06923841
29-01-2021 18:28,-0.56128473
29-01-2021 18:33,-0.87999905
29-01-2021 18:38,-0.82353899
29-01-2021 18:43,0.74609662
29-01-2021 18:48,-0.38407
29-01-2021 18:53,0.50848131
29-01-2021 18:58,0.66102887
29-01-2021 19:03,0.12447828
29-01-2021 19:08,-2.35589722
29-01-2021 19:13,-1.94733785
29-01-2021 19:18,0.71213623
29-01-2021 19:23,0.46109762
29-01-2021 19:28,-2.8620627
29-01-2021 19:33,0.69109066
29-01-2021 19:38,-1.43987652
29-01-2021 19:43,0.17407768
29-01-2021 19:48,-1.67341277
29-01-2021 19:53,0.51870542
29-01-2021 19:58,1.07887685
29-01-2021 20:03,-1.78896811
29-01-2021 20:08,1.36226665
29-01-2021 20:13,1.49865059
29-01-2021 20:18,-1.73120215
29-01-2021 20:23,0.95588985
29-01-2021 20:28,1.09119816
29-01-2021 20:33,-0.83377028
29-01-2021 20:38,-1.90752632
29-01-2021 20:43,-0.43235727
29-01-2021 20:48,-1.23592293
29-01-2021 20:53,-2.13447994
29-01-2021 20:58,-0.80960683
29-01-2021 21:03,2.23750996
29-01-2021 21:08,-1.5635813
29-01-2021 21:13,0.13803254
29-01-2021 21:18,-0.54026603
29-01-2021 21:23,0.96133814
29-01-2021 21:28,0.398675
29-01-2021 21:33,-1.46907902
29-01-2021 21:38,-0.54191609
29-01-2021 21:43,0.18739566
29-01-2021 21:48,-1.65904577
29-01-2021 21:53,-0.6698463
29-01-2021 21:58,1.27431321
29-01-2021 22:03,-0.89805057
29-01-2021 22:08,-0.19968356
29-01-2021 22:13,-0.77378065
29-01-2021 22:18,1.6772012
29-01-2021 22:23,0.35332024
29-01-2021 22:28,1.8525297
29-01-2021 22:33,-0.09190384
29-01-2021 22:38,0.05986808
29-01-2021 22:43,-0.53478743
29-01-2021 22:48,-0.27745716
29-01-2021 22:53,-0.62989999
29-01-2021 22:58,0.68074908
29-01-2021 23:03,-1.21682041
29-01-2021 23:08,0.66499477
29-01-2021 23:13,0.12306252
29-01-2021 23:18,-0.92853758
29-01-2021 23:23,-1.62071748
29-01-2021 23:28,1.14388838
29-01-2021 23:33,0.21171394
29-01-2021 23:38,-0.30903814
29-01-2021 23:43,0.60720312
29-01-2021 23:48,-0.73970079
29-01-2021 23:53,0.62977801
29-01-2021 23:58,1.78009137
30-01-2021 00:03,0.29875199
30-01-2021 00:08,2.02487684
30-01-2021 00:13,0.25922121
30-01-2021 00:18,-0.57746408
30-01-2021 00:23,-0.0919657
30-01-2021 00:28,-1.1064021
30-01-2021 00:33,-1.77576093
30-01-2021 00:38,0.10314946
30-01-2021 00:43,0.70099755
30-01-2021 00:48,-1.12173872
30-01-2021 00:53,-0.28079145
30-01-2021 00:58,-0.63846005
30-01-2021 01:03,-0.40472936
30-01-2021 01:08,0.58466986
30-01-2021 01:13,0.14086611
30-01-2021 01:18,0.82179896
30-01-2021 01:23,-1.56509079
30-01-2021 01:28,-0.30327215
30-01-2021 01:33,-1.34889632
30-01-2021 01:38,0.15299966
30-01-2021 01:43,-0.79302182
30-01-2021 01:48,0.67083472
30-01-2021 01:53,-0.94500488
30-01-2021 01:58,-2.12217071
30-01-2021 02:03,0.12872947
30-01-2021 02:08,-0.9622477
30-01-2021 02:13,1.52599487
30-01-2021 02:18,-1.05606282
30-01-2021 02:23,0.56678919
30-01-2021 02:28,-1.42892106
30-01-2021 02:33,-0.61627733
30-01-2021 02:38,0.39926018
30-01-2021 02:43,1.2950145
30-01-2021 02:48,0.9407331
30-01-2021 02:53,-0.89686944
30-01-2021 02:58,-0.33665839
30-01-2021 03:03,-0.428091
30-01-2021 03:08,1.9346193
30-01-2021 03:13,1.37432055
30-01-2021 03:18,0.44735597
30-01-2021 03:23,1.39807157
30-01-2021 03:28,0.05190505
30-01-2021 03:33,-0.8448757
30-01-2021 03:38,-0.92727114
30-01-2021 03:43,-0.64375369
30-01-2021 03:48,-1.33865183
30-01-2021 03:53,0.52892518
30-01-2021 03:58,-1.7703073
30-01-2021 04:03,0.84722692
30-01-2021 04:08,0.22514454
30-01-2021 04:13,1.43173797
30-01-2021 04:18,-0.53356362
30-01-2021 04:23,0.30949614
30-01-2021 04:28,-0.49243661
30-01-2021 04:33,0.66927346
30-01-2021 04:38,0.30333182
30-01-2021 04:43,-1.70592127
30-01-2021 04:48,-2.43481456
30-01-2021 04:53,1.74340658
30-01-2021 04:58,0.37914956
30-01-2021 05:03,-0.34207357
30-01-2021 05:08,1.24596392
30-01-2021 05:13,-0.74281051
30-01-2021 05:18,0.45337583
30-01-2021 05:23,0.19132567
30-01-2021 05:28,0.8040566
30-01-2021 05:33,0.64093848
30-01-2021 05:38,-1.12150201
30-01-2021 05:43,-0.39296487
30-01-2021 05:48,-0.5590352
30-01-2021 05:53,-1.11593301
30-01-2021 05:58,-0.76002572
30-01-2021 06:03,0.23093998
30-01-2021 06:08,-0.39459384
30-01-2021 06:13,-0.67604832
30-01-2021 06:18,-1.31352889
30-01-2021 06:23,-0.16621753
30-01-2021 06:28,-0.1658651
30-01-2021 06:33,1.89075235
30-01-2021 06:38,-0.02158395
30-01-2021 06:43,-0.14303135
30-01-2021 06:48,-0.86449359
30-01-2021 06:53,1.16655413
30-01-2021 06:58,1.48767911
30-01-2021 07:03,0.3585407
30-01-2021 07:08,-2.87743277
30-01-2021 07:13,-0.17428271
30-01-2021 07:18,0.33045453
30-01-2021 07:23,0.34672496
30-01-2021 07:28,-0.66962091
30-01-2021 07:33,-1.01216276
30-01-2021 07:38,-0.93605841
30-01-2021 07:43,-1.4754427
30-01-2021 07:48,0.2659098
30-01-2021 07:53,-1.78745871
30-01-2021 07:58,0.82334538
30-01-2021 08:03,-0.10315785
30-01-2021 08:08,0.10807928
30-01-2021 08:13,0.89537442
30-01-2021 08:18,-0.69507962
30-01-2021 08:23,-0.19351335
30-01-2021 08:28,-0.08339631
30-01-2021 08:33,-0.13517324
30-01-2021 08:38,-0.72867695
30-01-2021 08:43,-0.24881649
30-01-2021 08:48,0.57906107
30-01-2021 08:53,-0.45480141
30-01-2021 08:58,-0.42019845
30-01-2021 09:03,0.22351414
30-01-2021 09:08,-0.28525193
30-01-2021 09:13,1.0945411
30-01-2021 09:18,0.83606102
30-01-2021 09:23,0.73381223
30-01-2021 09:28,0.32556959
30-01-2021 09:33,0.65584033
30-01-2021 09:38,0.433506
30-01-2021 09:43,-0.88969693
30-01-2021 09:48,0.23093773
30-01-2021 09:53,-1.55454002
30-01-2021 09:58,0.55689646
30-01-2021 10:03,0.760588
30-01-2021 10:08,0.1235113
30-01-2021 10:13,-0.92011858
30-01-2021 10:18,0.52515265
30-01-2021 10:23,-1.07394269
30-01-2021 10:28,0.81917268
30-01-2021 10:33,1.2592377
30-01-2021 10:38,0.81856492
30-01-2021 10:43,0.08152141
30-01-2021 10:48,1.5153302
30-01-2021 10:53,0.11242196
30-01-2021 10:58,2.02719291
30-01-2021 11:03,0.10548766
30-01-2021 11:08,-0.4896568
30-01-2021 11:13,2.0933544
30-01-2021 11:18,-0.3915736
30-01-2021 11:23,0.38301266
30-01-2021 11:28,0.61430681
30-01-2021 11:33,-1.88636375
30-01-2021 11:38,0.37562198
30-01-2021 11:43,-0.72193506
30-01-2021 11:48,0.85595154
30-01-2021 11:53,-1.25437034
30-01-2021 11:58,-0.19163423
30-01-2021 12:03,0.35890554
30-01-2021 12:08,0.02685116
30-01-2021 12:13,2.4034281
30-01-2021 12:18,-0.51910559
30-01-2021 12:23,-2.62208253
30-01-2021 12:28,-0.92997967
30-01-2021 12:33,-2.01274136
30-01-2021 12:38,0.58678584
30-01-2021 12:43,0.31545633
30-01-2021 12:48,0.58077096
30-01-2021 12:53,0.85734596
30-01-2021 12:58,0.56162996
30-01-2021 13:03,-0.58598275
30-01-2021 13:08,-0.45535369
30-01-2021 13:13,-0.19660847
30-01-2021 13:18,-0.31142976
30-01-2021 13:23,0.14224224
30-01-2021 13:28,-0.44687173
30-01-2021 13:33,0.66725017
30-01-2021 13:38,-1.2430471
30-01-2021 13:43,0.04966336
30-01-2021 13:48,-0.83062885
30-01-2021 13:53,-0.507547
30-01-2021 13:58,1.48212858
30-01-2021 14:03,1.10611842
30-01-2021 14:08,-5.01342773
30-01-2021 14:13,-1.12748651
30-01-2021 14:18,0.34331006
30-01-2021 14:23,-4.71241508
30-01-2021 14:28,1.26731856
30-01-2021 14:33,1.65367333
30-01-2021 14:38,-2.43364972
30-01-2021 14:43,2.08302886
30-01-2021 14:48,0.58478587
30-01-2021 14:53,-4.48555296
30-01-2021 14:58,1.62976567
30-01-2021 15:03,-0.99519811
30-01-2021 15:08,-1.53426647
30-01-2021 15:13,-0.74511979
30-01-2021 15:18,4.77249319
30-01-2021 15:23,-0.14780527
30-01-2021 15:28,4.10073881
30-01-2021 15:33,5.56544783
30-01-2021 15:38,1.79789569
30-01-2021 15:43,2.99197934
30-01-2021 15:48,-0.70023589
30-01-2021 15:53,5.1742785
30-01-2021 15:58,3.65283075
30-01-2021 16:03,1.1160652
30-01-2021 16:08,-0.27015984
30-01-2021 16:13,-5.89542187
30-01-2021 16:18,-2.63950657
30-01-2021 16:23,-0.45371141
30-01-2021 16:28,-2.80750121
30-01-2021 16:33,2.66504235
30-01-2021 16:38,1.79860195
30-01-2021 16:43,9.68209673
30-01-2021 16:48,2.75745967
30-01-2021 16:53,-1.683246
30-01-2021 16:58,-0.66064227
30-01-2021 17:03,2.20208915
30-01-2021 17:08,-1.92039459
30-01-2021 17:13,-1.99124882
30-01-2021 17:18,-2.40152719
30-01-2021 17:23,-1.37125867
30-01-2021 17:28,-2.85632107
30-01-2021 17:33,1.22554687
30-01-2021 17:38,0.30495691
30-01-2021 17:43,2.23641816
30-01-2021 17:48,-6.32743152
30-01-2021 17:53,0.19967185
30-01-2021 17:58,1.26625318
30-01-2021 18:03,-2.1170579
30-01-2021 18:08,-0.68463074
30-01-2021 18:13,3.92876384
30-01-2021 18:18,-5.25964088
30-01-2021 18:23,2.20530253
30-01-2021 18:28,-2.88345702
30-01-2021 18:33,0.11601706
30-01-2021 18:38,0.89143553
30-01-2021 18:43,-1.65974729
30-01-2021 18:48,1.69291443
30-01-2021 18:53,1.10145195
30-01-2021 18:58,1.709021
30-01-2021 19:03,-0.94157263
30-01-2021 19:08,-7.59169055
30-01-2021 19:13,-1.36574797
30-01-2021 19:18,-2.80033637
30-01-2021 19:23,1.46002411
30-01-2021 19:28,-2.43062247
30-01-2021 19:33,3.60641938
30-01-2021 19:38,-0.06905169
30-01-2021 19:43,-1.15509186
30-01-2021 19:48,-3.41894716
30-01-2021 19:53,0.96564782
30-01-2021 19:58,-0.59532168
30-01-2021 20:03,-1.92292195
30-01-2021 20:08,2.90110678
30-01-2021 20:13,-2.07153134
30-01-2021 20:18,1.44714205
30-01-2021 20:23,0.3486359
30-01-2021 20:28,1.64589552
30-01-2021 20:33,-3.09151021
30-01-2021 20:38,1.03221708
30-01-2021 20:43,1.82802674
30-01-2021 20:48,-1.45697017
30-01-2021 20:53,-0.92524225
30-01-2021 20:58,4.95551412
30-01-2021 21:03,4.36550086
30-01-2021 21:08,2.97259766
30-01-2021 21:13,-0.16279417
30-01-2021 21:18,5.27560838
30-01-2021 21:23,-1.83025798
30-01-2021 21:28,-5.28358319
30-01-2021 21:33,-2.37899852
30-01-2021 21:38,1.21870537
30-01-2021 21:43,5.12716923
30-01-2021 21:48,-1.96552617
30-01-2021 21:53,-5.01443256
30-01-2021 21:58,0.60038191
30-01-2021 22:03,-0.36007359
30-01-2021 22:08,1.12936665
30-01-2021 22:13,0.68478931
30-01-2021 22:18,6.89030323
30-01-2021 22:23,-0.2441437
30-01-2021 22:28,3.22541192
30-01-2021 22:33,-2.13027854
30-01-2021 22:38,-3.95174412
30-01-2021 22:43,-1.92067951
30-01-2021 22:48,2.50475177
30-01-2021 22:53,1.10245978
30-01-2021 22:58,-1.728377
30-01-2021 23:03,2.69719618
30-01-2021 23:08,-5.75013327
30-01-2021 23:13,0.52360914
30-01-2021 23:18,1.72151354
30-01-2021 23:23,-3.43153627
30-01-2021 23:28,-1.28405642
30-01-2021 23:33,0.35540017
30-01-2021 23:38,2.89126468
30-01-2021 23:43,1.09637792
30-01-2021 23:48,1.08236662
30-01-2021 23:53,-5.41841763
30-01-2021 23:58,0.58967198
31-01-2021 00:03,-8.21030627
31-01-2021 00:08,2.35506347
31-01-2021 00:13,0.07736663
31-01-2021 00:18,-3.76745311
31-01-2021 00:23,-1.39037118
31-01-2021 00:28,-2.9631103
31-01-2021 00:33,7.64898476
31-01-2021 00:38,-0.16095152
31-01-2021 00:43,-1.92719045
31-01-2021 00:48,3.5632114
31-01-2021 00:53,2.68141537
31-01-2021 00:58,3.49891506
31-01-2021 01:03,-1.98369049
31-01-2021 01:08,-1.21567192
31-01-2021 01:13,2.41145542
31-01-2021 01:18,2.01463449
31-01-2021 01:23,-0.87281831
31-01-2021 01:28,5.69792452
31-01-2021 01:33,1.1591333
31-01-2021 01:38,-0.11753958
31-01-2021 01:43,-1.84339611
31-01-2021 01:48,0.97437813
31-01-2021 01:53,-1.40743518
31-01-2021 01:58,1.4501505
31-01-2021 02:03,0.89662076
31-01-2021 02:08,4.57640193
31-01-2021 02:13,4.89621169
31-01-2021 02:18,0.85473348
31-01-2021 02:23,2.42029734
31-01-2021 02:28,-1.25811555
31-01-2021 02:33,-0.55637874
31-01-2021 02:38,1.69611492
31-01-2021 02:43,-0.42397154
31-01-2021 02:48,0.47020586
31-01-2021 02:53,-0.14417658
31-01-2021 02:58,0.35224894
31-01-2021 03:03,0.6525585
31-01-2021 03:08,1.36476439
31-01-2021 03:13,0.36585039
31-01-2021 03:18,1.48541675
31-01-2021 03:23,-0.10754341
31-01-2021 03:28,-2.33116733
31-01-2021 03:33,1.6514982
31-01-2021 03:38,0.61515124
31-01-2021 03:43,-0.08349557
31-01-2021 03:48,0.59835779
31-01-2021 03:53,0.8311563
31-01-2021 03:58,0.99656663
31-01-2021 04:03,1.36570784
31-01-2021 04:08,-0.79630543
31-01-2021 04:13,-0.21665746
31-01-2021 04:18,-0.38927503
31-01-2021 04:23,-2.72863537
31-01-2021 04:28,0.55617179
31-01-2021 04:33,0.58796102
31-01-2021 04:38,-0.03885127
31-01-2021 04:43,-0.40693427
31-01-2021 04:48,-1.16997274
31-01-2021 04:53,-0.72416192
31-01-2021 04:58,0.31838386
31-01-2021 05:03,-0.45028046
31-01-2021 05:08,-1.12766479
31-01-2021 05:13,1.66116695
28-01-2021 19:02,-0.57024024
28-01-2021 19:07,-0.44745279
28-01-2021 19:12,-1.0527473
28-01-2021 19:17,0.18550855
28-01-2021 19:22,-1.0407657
28-01-2021 19:27,-0.23438931
28-01-2021 19:32,1.53858568
28-01-2021 19:37,0.12888046
28-01-2021 19:42,-0.63002213
28-01-2021 19:47,-2.88983237
28-01-2021 19:52,0.91199706
28-01-2021 19:57,-0.16757022
28-01-2021 20:02,1.28449811
28-01-2021 20:07,-0.21908757
28-01-2021 20:12,-0.06591718
28-01-2021 20:17,1.61710875
28-01-2021 20:22,0.8590384
28-01-2021 20:27,-1.52739304
28-01-2021 20:32,-0.63862794
28-01-2021 20:37,0.95245479
28-01-2021 20:42,-1.46569975
28-01-2021 20:47,-0.13379156
28-01-2021 20:52,-0.25691052
28-01-2021 20:57,-1.03690725
28-01-2021 21:02,-0.37566765
28-01-2021 21:07,0.10181178
28-01-2021 21:12,-0.14831226
28-01-2021 21:17,0.59144582
28-01-2021 21:22,0.24302312
28-01-2021 21:27,0.03373285
28-01-2021 21:32,0.31727048
28-01-2021 21:37,0.08729386
28-01-2021 21:42,-0.06306121
28-01-2021 21:47,0.11012876
28-01-2021 21:52,-0.62678085
28-01-2021 21:57,-1.32498198
28-01-2021 22:02,-0.14761257
28-01-2021 22:07,0.80456223
28-01-2021 22:12,-0.18958986
28-01-2021 22:17,0.58674976
28-01-2021 22:22,-1.44113001
28-01-2021 22:27,0.47430751
28-01-2021 22:32,0.75047973
28-01-2021 22:37,0.79853955
28-01-2021 22:42,-1.12905098
28-01-2021 22:47,1.1232957
28-01-2021 22:52,0.92042714
28-01-2021 22:57,-0.53088073
28-01-2021 23:02,-1.13434522
28-01-2021 23:07,-0.38095094
28-01-2021 23:12,0.19862107
28-01-2021 23:17,-0.41920819
28-01-2021 23:22,0.0282723
28-01-2021 23:27,1.84196653
28-01-2021 23:32,-0.01890162
28-01-2021 23:37,-0.08633012
28-01-2021 23:42,0.96336425
28-01-2021 23:47,-0.26310861
28-01-2021 23:52,1.14914469
28-01-2021 23:57,0.05353939
29-01-2021 00:02,-0.2427849
29-01-2021 00:07,1.16769728
29-01-2021 00:12,0.02315341
29-01-2021 00:17,0.69035597
29-01-2021 00:22,-1.31477617
29-01-2021 00:27,-1.72935426
29-01-2021 00:32,-1.90159894
29-01-2021 00:37,1.06266033
29-01-2021 00:42,-0.73373194
29-01-2021 00:47,-0.771437
29-01-2021 00:52,-0.92138553
29-01-2021 00:57,-1.01626304
29-01-2021 01:02,2.07614882
29-01-2021 01:07,0.14937125
29-01-2021 01:12,-1.02717563
29-01-2021 01:17,-0.70797383
29-01-2021 01:22,-0.56628114
29-01-2021 01:27,-0.26632153
29-01-2021 01:32,-0.12391448
29-01-2021 01:37,-1.55910412
29-01-2021 01:42,-0.21887306
29-01-2021 01:47,1.12936716
29-01-2021 01:52,0.82781914
29-01-2021 01:57,0.60699513
29-01-2021 02:02,1.25846911
29-01-2021 02:07,-0.27702939
29-01-2021 02:12,-1.02012431
29-01-2021 02:17,2.45727363
29-01-2021 02:22,-0.30597568
29-01-2021 02:27,-0.03539372
29-01-2021 02:32,-0.21132252
29-01-2021 02:37,1.58297326
29-01-2021 02:42,-0.51741881
29-01-2021 02:47,1.66426305
29-01-2021 02:52,0.42943041
29-01-2021 02:57,-0.35658463
29-01-2021 03:02,-0.49763288
29-01-2021 03:07,0.58377712
29-01-2021 03:12,-0.30587423
29-01-2021 03:17,-0.57341752
29-01-2021 03:22,-0.46373498
29-01-2021 03:27,1.08364786
29-01-2021 03:32,-0.22019129
29-01-2021 03:37,-1.04822577
29-01-2021 03:42,0.99232679
29-01-2021 03:47,1.01445506
29-01-2021 03:52,0.12474874
29-01-2021 03:57,0.88710157
29-01-2021 04:02,-0.49501451
29-01-2021 04:07,-0.31211773
29-01-2021 04:12,0.25580311
29-01-2021 04:17,-1.38140625
29-01-2021 04:22,1.35527597
29-01-2021 04:27,0.76389767
29-01-2021 04:32,-0.93994608
29-01-2021 04:37,-0.31783149
29-01-2021 04:42,-0.49317281
29-01-2021 04:47,-0.47064204
29-01-2021 04:52,-0.8812164
29-01-2021 04:57,1.21415428
29-01-2021 05:02,0.48164425
29-01-2021 05:07,-0.96495504
29-01-2021 05:12,0.32222144
29-01-2021 05:17,-0.52261789
29-01-2021 05:22,-0.25194578
29-01-2021 05:27,0.05361459
29-01-2021 05:32,1.76843826
29-01-2021 05:37,0.73062601
29-01-2021 05:42,2.02371125
29-01-2021 05:47,-0.20612487
29-01-2021 05:52,0.29154079
29-01-2021 05:57,-1.22014574
29-01-2021 06:02,0.53316647
29-01-2021 06:07,0.25421622
29-01-2021 06:12,0.95935428
29-01-2021 06:17,-0.38327319
29-01-2021 06:22,0.17743839
29-01-2021 06:27,0.6909122
29-01-2021 06:32,-0.03800815
29-01-2021 06:37,-1.26589482
29-01-2021 06:42,0.5600337
29-01-2021 06:47,-1.21634645
29-01-2021 06:52,2.19569625
29-01-2021 06:57,0.34769345
29-01-2021 07:02,-0.78119776
29-01-2021 07:07,-0.8496269
29-01-2021 07:12,-0.46476212
29-01-2021 07:17,-0.0686776
29-01-2021 07:22,-0.94905455
29-01-2021 07:27,-0.54914732
29-01-2021 07:32,0.40894278
29-01-2021 07:37,-0.04715825
29-01-2021 07:42,-1.60002517
29-01-2021 07:47,-0.11879579
29-01-2021 07:52,-1.88010422
29-01-2021 07:57,-1.21842022
29-01-2021 08:02,1.55616975
29-01-2021 08:07,-1.27184279
29-01-2021 08:12,0.19801754
29-01-2021 08:17,0.34545758
29-01-2021 08:22,-1.57738642
29-01-2021 08:27,1.17987246
29-01-2021 08:32,-0.1822254
29-01-2021 08:37,-0.21473732
29-01-2021 08:42,1.74856934
29-01-2021 08:47,-2.28465557
29-01-2021 08:52,-0.02516781
29-01-2021 08:57,-1.22355158
29-01-2021 09:02,-0.35111471
29-01-2021 09:07,0.90371072
29-01-2021 09:12,0.43020556
29-01-2021 09:17,0.38375239
29-01-2021 09:22,-0.88631253
29-01-2021 09:27,0.18982976
29-01-2021 09:32,0.30388431
29-01-2021 09:37,1.13990306
29-01-2021 09:42,0.96687319
29-01-2021 09:47,0.37640026
29-01-2021 09:52,0.62130388
29-01-2021 09:57,0.79968081
29-01-2021 10:02,-0.5420668
29-01-2021 10:07,0.27546911
29-01-2021 10:12,-1.02391847
29-01-2021 10:17,-0.32916723
29-01-2021 10:22,2.02551679
29-01-2021 10:27,0.1415378
29-01-2021 10:32,0.03135093
29-01-2021 10:37,-0.43588757
29-01-2021 10:42,-0.61176293
29-01-2021 10:47,1.10281918
29-01-2021 10:52,1.09476679
29-01-2021 10:57,-0.7244514
29-01-2021 11:02,0.37026945
29-01-2021 11:07,0.84722218
29-01-2021 11:12,0.75742559
29-01-2021 11:17,-1.61244947
29-01-2021 11:22,0.93351396
29-01-2021 11:27,0.35214142
29-01-2021 11:32,1.13366891
29-01-2021 11:37,-0.7046445
29-01-2021 11:42,-0.29306296
29-01-2021 11:47,-0.48169294
29-01-2021 11:52,0.28310026
29-01-2021 11:57,-0.90516636
29-01-2021 12:02,0.62589523
29-01-2021 12:07,-2.05244406
29-01-2021 12:12,0.20359296
29-01-2021 12:17,1.03268973
29-01-2021 12:22,-0.27829782
29-01-2021 12:27,-0.540948
29-01-2021 12:32,1.3600737
29-01-2021 12:37,-0.33993761
29-01-2021 12:42,0.13507116
29-01-2021 12:47,0.82010474
29-01-2021 12:52,-0.07136513
29-01-2021 12:57,0.57565302
29-01-2021 13:02,0.38036147
29-01-2021 13:07,1.02163905
29-01-2021 13:12,-0.79059773
29-01-2021 13:17,-0.96260623
29-01-2021 13:22,1.42756083
29-01-2021 13:27,-0.20842598
29-01-2021 13:32,0.57287246
29-01-2021 13:37,0.03363092
29-01-2021 13:42,1.42728401
29-01-2021 13:47,-1.62868266
29-01-2021 13:52,1.56286546
29-01-2021 13:57,1.51054393
29-01-2021 14:02,-1.88727714
29-01-2021 14:07,-1.04791186
29-01-2021 14:12,-0.12792113
29-01-2021 14:17,-1.43109556
29-01-2021 14:22,-0.53404648
29-01-2021 14:27,-0.48443196
29-01-2021 14:32,-0.00320772
29-01-2021 14:37,0.33163823
29-01-2021 14:42,-0.12629021
29-01-2021 14:47,18.40530378
29-01-2021 14:52,21.31902357
29-01-2021 14:57,13.5280861
29-01-2021 15:02,20.79197729
29-01-2021 15:07,16.9506209
29-01-2021 15:12,22.1843544
29-01-2021 15:17,19.22407369
29-01-2021 15:22,21.15978304
29-01-2021 15:27,18.34003499
29-01-2021 15:32,13.95631593
29-01-2021 15:37,16.43208023
29-01-2021 15:42,21.34027988
29-01-2021 15:47,16.85305855
29-01-2021 15:52,19.91907316
29-01-2021 15:57,19.4110266
29-01-2021 16:02,22.66889016
29-01-2021 16:07,16.25104874
29-01-2021 16:12,20.83319722
29-01-2021 16:17,22.45992395
29-01-2021 16:22,24.36254563
29-01-2021 16:27,17.89800077
29-01-2021 16:32,17.18808713
29-01-2021 16:37,21.28841102
29-01-2021 16:42,21.55136568
29-01-2021 16:47,19.24749479
29-01-2021 16:52,16.57845078
29-01-2021 16:57,30.84801151
29-01-2021 17:02,23.50716679
29-01-2021 17:07,21.96169741
29-01-2021 17:12,16.77123447
29-01-2021 17:17,19.84490665
29-01-2021 17:22,17.71685591
29-01-2021 17:27,17.86994063
29-01-2021 17:32,20.27056358
29-01-2021 17:37,19.67612547
29-01-2021 17:42,17.66586452
29-01-2021 17:47,22.4711239
29-01-2021 17:52,20.42743966
29-01-2021 17:57,22.3083515
29-01-2021 18:02,18.83055501
29-01-2021 18:07,17.25074751
29-01-2021 18:12,23.61377431
29-01-2021 18:17,19.66170768
29-01-2021 18:22,19.09379926
29-01-2021 18:27,22.4739999
29-01-2021 18:32,19.70892168
29-01-2021 18:37,19.57992852
29-01-2021 18:42,20.91042991
29-01-2021 18:47,23.50650273
29-01-2021 18:52,16.89335156
29-01-2021 18:57,23.09901456
29-01-2021 19:02,20.74514155
29-01-2021 19:07,26.21272968
29-01-2021 19:12,24.57129197
29-01-2021 19:17,19.45903022
29-01-2021 19:22,18.72526239
29-01-2021 19:27,17.93660002
29-01-2021 19:32,19.32815136
29-01-2021 19:37,25.43725269
29-01-2021 19:42,18.89531241
29-01-2021 19:47,20.64664816
29-01-2021 19:52,23.85512838
29-01-2021 19:57,17.58762092
29-01-2021 20:02,18.17630807
29-01-2021 20:07,21.53430056
29-01-2021 20:12,16.75276365
29-01-2021 20:17,18.67977119
29-01-2021 20:22,22.01072624
29-01-2021 20:27,18.45741074
29-01-2021 20:32,20.64910282
29-01-2021 20:37,18.66944234
29-01-2021 20:42,20.40812103
29-01-2021 20:47,18.64526281
29-01-2021 20:52,20.4875747
29-01-2021 20:57,16.80806842
29-01-2021 21:02,16.03995061
29-01-2021 21:07,22.53648164
29-01-2021 21:12,17.93456009
29-01-2021 21:17,18.39365538
29-01-2021 21:22,15.67913503
29-01-2021 21:27,25.40952352
29-01-2021 21:32,17.50995665
29-01-2021 21:37,24.25456741
29-01-2021 21:42,21.08920184
29-01-2021 21:47,18.86128889
29-01-2021 21:52,22.19437022
29-01-2021 21:57,22.06119905
29-01-2021 22:02,20.56344308
29-01-2021 22:07,19.80019092
29-01-2021 22:12,18.05771158
29-01-2021 22:17,14.82842413
29-01-2021 22:22,23.03360984
29-01-2021 22:27,21.71021318
29-01-2021 22:32,18.77425214
29-01-2021 22:37,19.64095213
29-01-2021 22:42,24.46373548
29-01-2021 22:47,19.42438154
29-01-2021 22:52,22.359694
29-01-2021 22:57,21.25885379
29-01-2021 23:02,22.03659568
29-01-2021 23:07,21.3552568
29-01-2021 23:12,23.03697215
29-01-2021 23:17,20.67699744
29-01-2021 23:22,17.70898416
29-01-2021 23:27,22.68301922
29-01-2021 23:32,22.23822691
29-01-2021 23:37,20.31580835
29-01-2021 23:42,23.33855242
29-01-2021 23:47,12.64536716
29-01-2021 23:52,20.83696276
29-01-2021 23:57,22.97357528
30-01-2021 00:02,19.75339386
30-01-2021 00:07,27.7426916
30-01-2021 00:12,13.8979874
30-01-2021 00:17,19.22830272
30-01-2021 00:22,19.79747447
30-01-2021 00:27,16.98768856
30-01-2021 00:32,19.80832293
30-01-2021 00:37,19.16899399
30-01-2021 00:42,-1.82212059
30-01-2021 00:47,-0.86363976
30-01-2021 00:52,0.08418663
30-01-2021 00:57,0.46269537
30-01-2021 01:02,-1.98221894
30-01-2021 01:07,-0.01045194
30-01-2021 01:12,-0.50279512
30-01-2021 01:17,-2.28183998
30-01-2021 01:22,-0.99297504
30-01-2021 01:27,0.2144438
30-01-2021 01:32,0.25633333
30-01-2021 01:37,0.61583313
30-01-2021 01:42,-0.68384454
30-01-2021 01:47,0.36312556
30-01-2021 01:52,0.0475972
30-01-2021 01:57,-0.69236735
30-01-2021 02:02,0.24140521
30-01-2021 02:07,-1.15370023
30-01-2021 02:12,-1.0416592
30-01-2021 02:17,1.31362096
30-01-2021 02:22,-1.45821064
30-01-2021 02:27,0.36036797
30-01-2021 02:32,1.45238403
30-01-2021 02:37,-1.29029482
30-01-2021 02:42,-1.42252955
30-01-2021 02:47,1.03407831
30-01-2021 02:52,0.87263628
30-01-2021 02:57,1.16744351
30-01-2021 03:02,0.45979855
30-01-2021 03:07,-2.51381647
30-01-2021 03:12,0.50889556
30-01-2021 03:17,-1.37060808
30-01-2021 03:22,1.64373985
30-01-2021 03:27,1.16386764
30-01-2021 03:32,-0.49688452
30-01-2021 03:37,-1.05817144
30-01-2021 03:42,-0.06294377
30-01-2021 03:47,-0.86396722
30-01-2021 03:52,-0.33881558
30-01-2021 03:57,-1.35657054
30-01-2021 04:02,-0.7700703
30-01-2021 04:07,0.74360742
30-01-2021 04:12,0.0824646
30-01-2021 04:17,-0.09944536
30-01-2021 04:22,0.51345436
30-01-2021 04:27,-2.30071265
30-01-2021 04:32,0.36018825
30-01-2021 04:37,-1.95056785
30-01-2021 04:42,-1.36457613
30-01-2021 04:47,-0.15695972
30-01-2021 04:52,-1.23523203
30-01-2021 04:57,-0.9519072
30-01-2021 05:02,-1.50014931
30-01-2021 05:07,-0.0246208
30-01-2021 05:12,-0.53617622
30-01-2021 05:17,0.75575512
30-01-2021 05:22,1.02540469
30-01-2021 05:27,-1.14427872
30-01-2021 05:32,-0.85843307
30-01-2021 05:37,-1.675467
30-01-2021 05:42,1.45947815
30-01-2021 05:47,-0.22871126
30-01-2021 05:52,-0.39091019
30-01-2021 05:57,0.03204643
30-01-2021 06:02,2.54944249
30-01-2021 06:07,-0.91152763
30-01-2021 06:12,0.81463474
30-01-2021 06:17,-0.72027497
30-01-2021 06:22,1.27126856
30-01-2021 06:27,0.47620455
30-01-2021 06:32,-0.80130413
30-01-2021 06:37,1.35887819
30-01-2021 06:42,0.7842058
30-01-2021 06:47,0.01592822
30-01-2021 06:52,0.602869
30-01-2021 06:57,-0.8113649
30-01-2021 07:02,0.62595229
30-01-2021 07:07,-0.10958147
30-01-2021 07:12,-0.15156749
30-01-2021 07:17,-2.09644812
30-01-2021 07:22,-0.0325382
30-01-2021 07:27,-1.10729236
30-01-2021 07:32,0.57438879
30-01-2021 07:37,-0.80206607
30-01-2021 07:42,0.32969414
30-01-2021 07:47,-0.51333154
30-01-2021 07:52,-0.33958588
30-01-2021 07:57,0.13594714
30-01-2021 08:02,-2.28608725
30-01-2021 08:07,-1.18708502
30-01-2021 08:12,-0.26415471
30-01-2021 08:17,-1.29663417
30-01-2021 08:22,-1.07629216
30-01-2021 08:27,1.43959802
30-01-2021 08:32,1.26884082
30-01-2021 08:37,1.26532233
30-01-2021 08:42,0.05683654
30-01-2021 08:47,-0.23987414
30-01-2021 08:52,0.66141206
30-01-2021 08:57,-1.23905876
30-01-2021 09:02,-0.01281571
30-01-2021 09:07,1.32544579
30-01-2021 09:12,-0.31474973
30-01-2021 09:17,0.15865079
30-01-2021 09:22,0.4034523
30-01-2021 09:27,0.53271302
30-01-2021 09:32,0.0658672
30-01-2021 09:37,0.23332577
30-01-2021 09:42,1.50837684
30-01-2021 09:47,0.10412084
30-01-2021 09:52,1.29733397
30-01-2021 09:57,0.1405518
30-01-2021 10:02,-0.16116305
30-01-2021 10:07,-0.68432515
30-01-2021 10:12,0.42070227
30-01-2021 10:17,-1.04297445
30-01-2021 10:22,-0.83146378
30-01-2021 10:27,1.30239422
30-01-2021 10:32,-1.65406467
30-01-2021 10:37,-0.11144428
30-01-2021 10:42,1.00159432
30-01-2021 10:47,0.08068466
30-01-2021 10:52,-0.59173418
30-01-2021 10:57,1.29460204
30-01-2021 11:02,0.25720905
30-01-2021 11:07,0.60127573
30-01-2021 11:12,-0.20297953
30-01-2021 11:17,-0.43120831
30-01-2021 11:22,1.14960492
30-01-2021 11:27,-1.48806379
30-01-2021 11:32,2.35789512
30-01-2021 11:37,1.0492677
30-01-2021 11:42,1.36050193
30-01-2021 11:47,1.89691113
30-01-2021 11:52,-0.52269762
30-01-2021 11:57,0.05720788
30-01-2021 12:02,0.07223037
30-01-2021 12:07,0.56393688
30-01-2021 12:12,1.00044934
30-01-2021 12:17,-0.11633886
30-01-2021 12:22,0.41118185
30-01-2021 12:27,0.38347476
30-01-2021 12:32,1.9977254
30-01-2021 12:37,0.84114142
30-01-2021 12:42,0.13063037
30-01-2021 12:47,0.59488943
30-01-2021 12:52,0.29788978
30-01-2021 12:57,0.2125354
30-01-2021 13:02,-0.39975852
30-01-2021 13:07,-0.40139359
30-01-2021 13:12,-0.12406746
30-01-2021 13:17,-1.57688649
30-01-2021 13:22,-0.38803843
30-01-2021 13:27,-0.32991871
30-01-2021 13:32,0.05788295
30-01-2021 13:37,0.53758534
30-01-2021 13:42,-2.05775939
30-01-2021 13:47,-0.16289014
30-01-2021 13:52,-0.02413977
30-01-2021 13:57,0.8450776
30-01-2021 14:02,1.18898074
30-01-2021 14:07,-0.76474784
30-01-2021 14:12,-1.41491432
30-01-2021 14:17,-2.06081153
30-01-2021 14:22,0.29841073
30-01-2021 14:27,-0.30097369
30-01-2021 14:32,-0.05439108
30-01-2021 14:37,0.68902834
30-01-2021 14:42,0.81383235
30-01-2021 14:47,-0.12623822
30-01-2021 14:52,-1.33924353
30-01-2021 14:57,1.16868317
30-01-2021 15:02,-0.06565756
30-01-2021 15:07,0.39374938
30-01-2021 15:12,1.04537743
30-01-2021 15:17,-1.31282388
30-01-2021 15:22,0.93192561
30-01-2021 15:27,-1.93045434
30-01-2021 15:32,0.20342653
30-01-2021 15:37,0.43802726
30-01-2021 15:42,0.60432931
30-01-2021 15:47,0.18101673
30-01-2021 15:52,0.50410755
30-01-2021 15:57,-0.85561046
30-01-2021 16:02,-2.44872111
30-01-2021 16:07,0.47301692
30-01-2021 16:12,-0.63026827
30-01-2021 16:17,0.82247241
30-01-2021 16:22,-0.58811091
30-01-2021 16:27,2.14269382
30-01-2021 16:32,1.34000603
30-01-2021 16:37,-0.90150014
30-01-2021 16:42,0.85977655
30-01-2021 16:47,-0.75357543
30-01-2021 16:52,0.5631795
30-01-2021 16:57,0.85221976
30-01-2021 17:02,-1.11798708
30-01-2021 17:07,-1.74619299
30-01-2021 17:12,-0.88188262
30-01-2021 17:17,-0.69541262
30-01-2021 17:22,0.59199841
30-01-2021 17:27,0.99741497
30-01-2021 17:32,1.08659159
30-01-2021 17:37,1.33156507
30-01-2021 17:42,1.78030243
30-01-2021 17:47,0.76202607
30-01-2021 17:52,-0.26809372
30-01-2021 17:57,0.40789507
30-01-2021 18:02,18.6470313
30-01-2021 18:07,16.48426052
30-01-2021 18:12,19.42225901
30-01-2021 18:17,18.05877799
30-01-2021 18:22,20.05857248
30-01-2021 18:27,20.45728261
30-01-2021 18:32,21.89964881
30-01-2021 18:37,25.70758029
30-01-2021 18:42,19.88182739
30-01-2021 18:47,20.96105408
30-01-2021 18:52,18.96047163
30-01-2021 18:57,19.39624415
30-01-2021 19:02,16.12581412
30-01-2021 19:07,19.661335
30-01-2021 19:12,14.99299387
30-01-2021 19:17,18.54838755
30-01-2021 19:22,22.37274246
30-01-2021 19:27,14.34317176
30-01-2021 19:32,23.35158695
30-01-2021 19:37,19.17279319
30-01-2021 19:42,20.04573997
30-01-2021 19:47,21.70845689
30-01-2021 19:52,19.96199474
30-01-2021 19:57,21.00482516
30-01-2021 20:02,19.34470945
30-01-2021 20:07,24.18487308
30-01-2021 20:12,26.99802642
30-01-2021 20:17,19.49647945
30-01-2021 20:22,18.07052764
30-01-2021 20:27,19.7224569
30-01-2021 20:32,17.59088807
30-01-2021 20:37,16.99485182
30-01-2021 20:42,23.09748388
30-01-2021 20:47,16.38168258
30-01-2021 20:52,18.16944507
30-01-2021 20:57,21.4834756
30-01-2021 21:02,22.34354758
30-01-2021 21:07,19.90466403
30-01-2021 21:12,20.20759983
30-01-2021 21:17,16.4338436
30-01-2021 21:22,20.53229151
30-01-2021 21:27,19.49094358
30-01-2021 21:32,18.68400307
30-01-2021 21:37,15.70668714
30-01-2021 21:42,16.88244194
30-01-2021 21:47,22.4056167
30-01-2021 21:52,22.51810143
30-01-2021 21:57,18.56696199
30-01-2021 22:02,23.09629429
30-01-2021 22:07,22.10248405
30-01-2021 22:12,17.88738628
30-01-2021 22:17,24.34862938
30-01-2021 22:22,20.5488383
30-01-2021 22:27,22.0261552
30-01-2021 22:32,23.8733032
30-01-2021 22:37,20.31664741
30-01-2021 22:42,21.39673655
30-01-2021 22:47,16.23694623
30-01-2021 22:52,21.54052394
30-01-2021 22:57,19.8196712
30-01-2021 23:02,17.46131004
30-01-2021 23:07,21.56713266
30-01-2021 23:12,24.06539698
30-01-2021 23:17,20.88239665
30-01-2021 23:22,17.42103744
30-01-2021 23:27,16.63807191
30-01-2021 23:32,19.82395844
30-01-2021 23:37,25.23866457
30-01-2021 23:42,18.58353069
30-01-2021 23:47,14.75965736
30-01-2021 23:52,19.37800139
30-01-2021 23:57,17.83522284
31-01-2021 00:02,18.38219214
31-01-2021 00:07,22.70924968
31-01-2021 00:12,25.07317943
31-01-2021 00:17,21.94515273
31-01-2021 00:22,17.07622743
31-01-2021 00:27,22.58947546
31-01-2021 00:32,18.20562833
31-01-2021 00:37,22.6397565
31-01-2021 00:42,23.82346135
31-01-2021 00:47,17.59681091
31-01-2021 00:52,20.19501391
31-01-2021 00:57,20.84076144
31-01-2021 01:02,21.3066844
31-01-2021 01:07,20.77002791
31-01-2021 01:12,20.42905315
31-01-2021 01:17,18.52341879
31-01-2021 01:22,24.39138322
31-01-2021 01:27,19.14963864
31-01-2021 01:32,19.47955292
31-01-2021 01:37,25.91520793
31-01-2021 01:42,23.08077672
31-01-2021 01:47,22.58519779
31-01-2021 01:52,14.83224998
31-01-2021 01:57,20.56366545
31-01-2021 02:02,22.2780962
31-01-2021 02:07,22.91550442
31-01-2021 02:12,18.57241981
31-01-2021 02:17,17.46999667
31-01-2021 02:22,15.87751561
31-01-2021 02:27,16.78345659
31-01-2021 02:32,17.95584091
31-01-2021 02:37,17.83650443
31-01-2021 02:42,18.64787934
31-01-2021 02:47,20.46214132
31-01-2021 02:52,24.76553126
31-01-2021 02:57,17.87648629
31-01-2021 03:02,18.15811414
31-01-2021 03:07,21.79134203
31-01-2021 03:12,25.07898948
31-01-2021 03:17,20.22339493
31-01-2021 03:22,18.11931907
31-01-2021 03:27,18.83769597
31-01-2021 03:32,21.33660812
31-01-2021 03:37,19.19800418
31-01-2021 03:42,21.62878582
31-01-2021 03:47,22.77070463
31-01-2021 03:52,22.42641963
31-01-2021 03:57,21.68068911
31-01-2021 04:02,15.81910767
31-01-2021 04:07,18.93070081
31-01-2021 04:12,20.12467952
31-01-2021 04:17,20.86468409
31-01-2021 04:22,-0.20044809
31-01-2021 04:27,-0.38728748
31-01-2021 04:32,-1.38236424
31-01-2021 04:37,-0.8397144
31-01-2021 04:42,0.27574407
31-01-2021 04:47,0.31094485
31-01-2021 04:52,-1.3640961
31-01-2021 04:57,-1.72500226
31-01-2021 05:02,-0.53549129
31-01-2021 05:07,-0.96755213
31-01-2021 05:12,-0.37943467
31-01-2021 05:17,-0.14791184
