timestamp,value,anomaly_tag,probability
01-01-2021 00:00,0.74507123,0,0
01-01-2021 00:05,-0.207396452,0,0
01-01-2021 00:10,0.971532807,0,0
01-01-2021 00:15,17.28454478,1,1
01-01-2021 00:20,-0.351230062,0,0
01-01-2021 00:25,-0.351205435,0,0
01-01-2021 00:30,2.368819223,0,0
01-01-2021 00:35,1.151152094,0,0
01-01-2021 00:40,14.29578842,1,1
01-01-2021 00:45,0.813840065,0,0
01-01-2021 00:50,-0.695126539,0,0
01-01-2021 00:55,-0.69859463,0,0
01-01-2021 01:00,0.362943407,0,0
01-01-2021 01:05,-2.869920367,0,0
01-01-2021 01:10,-2.587376749,0,0
01-01-2021 01:15,9.156568706,1,1
01-01-2021 01:20,-1.519246681,0,0
01-01-2021 01:25,0.471370999,0,0
01-01-2021 01:30,-1.362036113,0,0
01-01-2021 01:35,-2.118455552,0,0
01-01-2021 01:40,2.198473153,0,0
01-01-2021 01:45,-0.338664451,0,0
01-01-2021 01:50,0.101292307,0,0
01-01-2021 01:55,17.86287772,1,1
01-01-2021 02:00,-0.816574087,0,0
01-01-2021 02:05,0.166383885,0,0
01-01-2021 02:10,-1.726490366,0,0
01-01-2021 02:15,0.563547028,0,0
01-01-2021 02:20,-0.900958035,0,0
01-01-2021 02:25,14.56245938,1,1
01-01-2021 02:30,-0.902559918,0,0
01-01-2021 02:35,2.778417277,0,0
01-01-2021 02:40,-0.020245837,0,0
01-01-2021 02:45,8.413433607,1,1
01-01-2021 02:50,21.23381737,1,1
01-01-2021 02:55,-1.831265475,0,0
01-01-2021 03:00,0.313295393,0,0
01-01-2021 03:05,-2.939505186,0,0
01-01-2021 03:10,-1.992279073,0,0
01-01-2021 03:15,0.295291854,0,0
01-01-2021 03:20,16.10769987,1,1
01-01-2021 03:25,0.257052422,0,0
01-01-2021 03:30,-0.173472424,0,0
01-01-2021 03:35,-0.451655543,0,0
01-01-2021 03:40,-2.217782986,0,0
01-01-2021 03:45,-1.079766313,0,0
01-01-2021 03:50,-0.690958156,0,0
01-01-2021 03:55,1.585683339,0,0
01-01-2021 04:00,0.515427434,0,0
01-01-2021 04:05,-2.644560233,0,0
01-01-2021 04:10,0.486125954,0,0
01-01-2021 04:15,-0.577623421,0,0
01-01-2021 04:20,-1.015383,0,0
01-01-2021 04:25,0.917514433,0,0
01-01-2021 04:30,1.546499284,0,0
01-01-2021 04:35,1.396920179,0,0
01-01-2021 04:40,-1.258826285,0,0
01-01-2021 04:45,-0.463818564,0,0
01-01-2021 04:50,0.496895147,0,0
01-01-2021 04:55,1.463317691,0,0
01-01-2021 05:00,-0.718761357,0,0
01-01-2021 05:05,-0.278488465,0,0
01-01-2021 05:10,-1.659502461,0,0
01-01-2021 05:15,-1.794309936,0,0
01-01-2021 05:20,1.218788734,0,0
01-01-2021 05:25,2.034360043,0,0
01-01-2021 05:30,-0.108015182,0,0
01-01-2021 05:35,1.505299347,0,0
01-01-2021 05:40,0.542454038,0,0
01-01-2021 05:45,-0.967679632,0,0
01-01-2021 05:50,0.542093408,0,0
01-01-2021 05:55,2.30705485,0,0
01-01-2021 06:00,-0.053739059,0,0
01-01-2021 06:05,2.346965484,0,0
01-01-2021 06:10,-3.929617656,0,0
01-01-2021 06:15,1.232853757,0,0
01-01-2021 06:20,0.130570602,0,0
01-01-2021 06:25,-0.448511026,0,0
01-01-2021 06:30,15.13764116,1,1
01-01-2021 06:35,12.01864663,1,1
01-01-2021 06:40,14.67049217,1,1
01-01-2021 06:45,0.535668857,0,0
01-01-2021 06:50,2.216841067,0,0
01-01-2021 06:55,-0.777405327,0,0
01-01-2021 07:00,18.7872596,1,1
01-01-2021 07:05,-0.752635565,0,0
01-01-2021 07:10,1.373103177,0,0
01-01-2021 07:15,0.493126664,0,0
01-01-2021 07:20,-0.794640306,0,0
01-01-2021 07:25,0.76990115,0,0
01-01-2021 07:30,0.145616324,0,0
01-01-2021 07:35,1.452967486,0,0
01-01-2021 07:40,-1.053079641,0,0
01-01-2021 07:45,-0.49149322,0,0
01-01-2021 07:50,-0.58816223,0,0
01-01-2021 07:55,-2.195272422,0,0
01-01-2021 08:00,0.444180416,0,0
01-01-2021 08:05,0.391582908,0,0
01-01-2021 08:10,0.007670185,0,0
01-01-2021 08:15,-0.3518807,0,0
01-01-2021 08:20,-2.123056113,0,0
01-01-2021 08:25,-0.630967984,0,0
01-01-2021 08:30,-0.514071775,0,0
01-01-2021 08:35,-1.203415904,0,0
01-01-2021 08:40,-0.241928567,0,0
01-01-2021 08:45,0.606076285,0,0
01-01-2021 08:50,2.829278852,0,0
01-01-2021 08:55,0.261866719,0,0
01-01-2021 09:00,0.386325586,0,0
01-01-2021 09:05,-0.111668874,0,0
01-01-2021 09:10,-2.878156823,0,0
01-01-2021 09:15,-0.039770813,0,0
01-01-2021 09:20,0.090345315,0,0
01-01-2021 09:25,3.694863169,0,0
01-01-2021 09:30,-0.288541447,0,0
01-01-2021 09:35,0.452321014,0,0
01-01-2021 09:40,19.94793235,1,1
01-01-2021 09:45,-1.753017056,0,0
01-01-2021 09:50,1.714234222,0,0
01-01-2021 09:55,1.127899549,0,0
01-01-2021 10:00,1.186547921,0,0
01-01-2021 10:05,-1.364081182,0,0
01-01-2021 10:10,2.104191466,0,0
01-01-2021 10:15,-2.102776594,0,0
01-01-2021 10:20,0.880285641,0,0
01-01-2021 10:25,13.28568344,1,1
01-01-2021 10:30,-1.485804488,0,0
01-01-2021 10:35,-0.849446594,0,0
01-01-2021 10:40,0.149477048,0,0
01-01-2021 10:45,9.244786519,1,1
01-01-2021 10:50,-2.325995147,0,0
01-01-2021 10:55,0.102844462,0,0
01-01-2021 11:00,-1.593455571,0,0
01-01-2021 11:05,20.71038865,1,1
01-01-2021 11:10,-1.379136351,0,0
01-01-2021 11:15,2.324901608,0,0
01-01-2021 11:20,-1.174879939,0,0
01-01-2021 11:25,-0.483092274,0,0
01-01-2021 11:30,1.220275826,0,0
01-01-2021 11:35,-1.846296475,0,0
01-01-2021 11:40,0.341189902,0,0
01-01-2021 11:45,1.960714131,0,0
01-01-2021 11:50,-2.411224852,0,0
01-01-2021 11:55,0.276950788,0,0
01-01-2021 12:00,0.389824191,0,0
01-01-2021 12:05,21.17273431,1,1
01-01-2021 12:10,-1.855426066,0,0
01-01-2021 12:15,-1.98068492,0,0
01-01-2021 12:20,0.782912348,0,0
01-01-2021 12:25,0.44547701,0,0
01-01-2021 12:30,0.375739276,0,0
01-01-2021 12:35,0.519672314,0,0
01-01-2021 12:40,-1.020037082,0,0
01-01-2021 12:45,0.348380546,0,0
01-01-2021 12:50,0.43960871,0,0
01-01-2021 12:55,-1.071527127,0,0
01-01-2021 13:00,2.798661767,0,0
01-01-2021 13:05,0.710749381,0,0
01-01-2021 13:10,-1.786955246,0,0
01-01-2021 13:15,0.984830413,0,0
01-01-2021 13:20,-1.462022505,0,0
01-01-2021 13:25,1.180626906,0,0
01-01-2021 13:30,1.737893369,0,0
01-01-2021 13:35,-1.231023478,0,0
01-01-2021 13:40,21.44506419,1,1
01-01-2021 13:45,0.61917139,0,0
01-01-2021 13:50,1.23309024,0,0
01-01-2021 13:55,22.84518947,1,1
01-01-2021 14:00,9.631917826,1,1
01-01-2021 14:05,-1.130604247,0,0
01-01-2021 14:10,-1.334271644,0,0
01-01-2021 14:15,13.77628457,1,1
01-01-2021 14:20,19.88434744,1,1
01-01-2021 14:25,0.511727962,0,0
01-01-2021 14:30,0.415036199,0,0
01-01-2021 14:35,1.240774874,0,0
01-01-2021 14:40,0.019502838,0,0
01-01-2021 14:45,2.180301116,0,0
01-01-2021 14:50,-0.39698525,0,0
01-01-2021 14:55,4.08025375,0,0
01-01-2021 15:00,0.938501022,0,0
01-01-2021 15:05,-1.285736335,0,0
01-01-2021 15:10,-1.606338747,0,0
01-01-2021 15:15,0.723708623,0,0
01-01-2021 15:20,-0.335194178,0,0
01-01-2021 15:25,1.071000741,0,0
01-01-2021 15:30,0.709856437,0,0
01-01-2021 15:35,-0.109243369,0,0
01-01-2021 15:40,-1.270190577,0,0
01-01-2021 15:45,-2.272270837,0,0
01-01-2021 15:50,-0.669772428,0,0
01-01-2021 15:55,1.284598191,0,0
01-01-2021 16:00,0.321140616,0,0
01-01-2021 16:05,-1.868608168,0,0
01-01-2021 16:10,0.259771389,0,0
01-01-2021 16:15,0.57797607,0,0
01-01-2021 16:20,-1.325786154,0,0
01-01-2021 16:25,0.230587659,0,0
01-01-2021 16:30,0.087313078,0,0
01-01-2021 16:35,-1.714455447,0,0
01-01-2021 16:40,0.536681041,0,0
01-01-2021 16:45,0.84117679,0,0
01-01-2021 16:50,1.624576865,0,0
01-01-2021 16:55,1.580703078,0,0
01-01-2021 17:00,-2.066504052,0,0
01-01-2021 17:05,-1.40673756,0,0
01-01-2021 17:10,0.772552901,0,0
01-01-2021 17:15,0.770678926,0,0
01-01-2021 17:20,0.772571529,0,0
01-01-2021 17:25,5.779097236,0,0
01-01-2021 17:30,0.856335766,0,0
01-01-2021 17:35,1.70334846,0,0
01-01-2021 17:40,1.431002645,0,0
01-01-2021 17:45,0.977086877,0,0
01-01-2021 17:50,-0.472903867,0,0
01-01-2021 17:55,1.138453831,0,0
01-01-2021 18:00,-1.159237822,0,0
01-01-2021 18:05,-0.35522791,0,0
01-01-2021 18:10,-0.728045322,0,0
01-01-2021 18:15,0.122811209,0,0
01-01-2021 18:20,3.47198785,0,0
01-01-2021 18:25,-2.800897789,0,0
01-01-2021 18:30,1.029390286,0,0
01-01-2021 18:35,-2.419073807,0,0
01-01-2021 18:40,-0.707897799,0,0
01-01-2021 18:45,1.633425895,0,0
01-01-2021 18:50,0.096420029,0,0
01-01-2021 18:55,-1.616617167,0,0
01-01-2021 19:00,-1.072955564,0,0
01-01-2021 19:05,1.019396623,0,0
01-01-2021 19:10,-1.095549948,0,0
01-01-2021 19:15,0.324687884,0,0
01-01-2021 19:20,0.06835776,0,0
01-01-2021 19:25,-0.977400521,0,0
01-01-2021 19:30,3.215916134,0,0
01-01-2021 19:35,0.950878533,0,0
01-01-2021 19:40,-3.03771388,0,0
01-01-2021 19:45,0.279681472,0,0
01-01-2021 19:50,-0.992679697,0,0
01-01-2021 19:55,21.27865,1,1
01-01-2021 20:00,18.81121889,1,1
01-01-2021 20:05,-0.172104662,0,0
01-01-2021 20:10,15.75748092,1,1
01-01-2021 20:15,1.298632791,0,0
01-01-2021 20:20,-1.800444611,0,0
01-01-2021 20:25,-0.501751854,0,0
01-01-2021 20:30,-0.712417967,0,0
01-01-2021 20:35,-0.979993849,0,0
01-01-2021 20:40,17.64818136,1,1
01-01-2021 20:45,0.607472566,0,0
01-01-2021 20:50,-1.891325932,0,0
01-01-2021 20:55,1.376792921,0,0
01-01-2021 21:00,3.183234296,0,0
01-01-2021 21:05,1.548697891,0,0
01-01-2021 21:10,-2.279054949,0,0
01-01-2021 21:15,-0.726351109,0,0
01-01-2021 21:20,16.90036672,1,1
01-01-2021 21:25,-1.061504198,0,0
01-01-2021 21:30,20.66572914,1,1
01-01-2021 21:35,1.16195108,0,0
01-01-2021 21:40,-1.390395707,0,0
01-01-2021 21:45,-0.089288034,0,0
01-01-2021 21:50,-4.86190101,0,0
01-01-2021 21:55,-1.536581462,0,0
01-01-2021 22:00,-0.378852227,0,0
01-01-2021 22:05,-1.871674773,0,0
01-01-2021 22:10,2.448616956,0,0
01-01-2021 22:15,-2.145212067,0,0
01-01-2021 22:20,-0.66006673,0,0
01-01-2021 22:25,0.196110866,0,0
01-01-2021 22:30,2.161909934,0,0
01-01-2021 22:35,-2.153793227,0,0
01-01-2021 22:40,1.744745628,0,0
01-01-2021 22:45,0.015349592,0,0
01-01-2021 22:50,-1.472262977,0,0
01-01-2021 22:55,0.693155211,0,0
01-01-2021 23:00,0.298589543,0,0
01-01-2021 23:05,-0.900325316,0,0
01-01-2021 23:10,0.104703127,0,0
01-01-2021 23:15,-0.577970395,0,0
01-01-2021 23:20,0.170276018,0,0
01-01-2021 23:25,0.993196012,0,0
01-01-2021 23:30,2.379025224,0,0
01-01-2021 23:35,-1.856723248,0,0
01-01-2021 23:40,3.199550062,0,0
01-01-2021 23:45,-2.928131699,0,0
01-01-2021 23:50,-0.227677643,0,0
01-01-2021 23:55,0.88247581,0,0
02-01-2021 00:00,0.421487802,0,0
02-01-2021 00:05,-0.93404928,0,0
02-01-2021 00:10,9.687816624,1,1
02-01-2021 00:15,-0.739501402,0,0
02-01-2021 00:20,-0.884047135,0,0
02-01-2021 00:25,1.274403146,0,0
02-01-2021 00:30,0.535523229,0,0
02-01-2021 00:35,-1.039364393,0,0
02-01-2021 00:40,21.34939981,1,1
02-01-2021 00:45,15.46094928,1,1
02-01-2021 00:50,1.219293178,0,0
02-01-2021 00:55,0.944443263,0,0
02-01-2021 01:00,-1.243492516,0,0
02-01-2021 01:05,-0.84027156,0,0
02-01-2021 01:10,1.120940408,0,0
02-01-2021 01:15,0.915555398,0,0
02-01-2021 01:20,-0.031352391,0,0
02-01-2021 01:25,0.175991075,0,0
02-01-2021 01:30,1.916497344,0,0
02-01-2021 01:35,-0.887357083,0,0
02-01-2021 01:40,0.820646072,0,0
02-01-2021 01:45,-0.303288979,0,0
02-01-2021 01:50,-0.326521805,0,0
02-01-2021 01:55,1.648165278,0,0
02-01-2021 02:00,1.238124523,0,0
02-01-2021 02:05,1.220264454,0,0
02-01-2021 02:10,1.958218211,0,0
02-01-2021 02:15,20.03150576,1,1
02-01-2021 02:20,1.022929457,0,0
02-01-2021 02:25,-0.465400135,0,0
02-01-2021 02:30,0.486249529,0,0
02-01-2021 02:35,19.80478542,1,1
02-01-2021 02:40,0.145493947,0,0
02-01-2021 02:45,0.892735538,0,0
02-01-2021 02:50,-1.227331025,0,0
02-01-2021 02:55,3.138580914,0,0
02-01-2021 03:00,-1.509026072,0,0
02-01-2021 03:05,-1.821282919,0,0
02-01-2021 03:10,1.73716631,0,0
02-01-2021 03:15,1.187494041,0,0
02-01-2021 03:20,0.936179726,0,0
02-01-2021 03:25,0.942518264,0,0
02-01-2021 03:30,-0.018370159,0,0
02-01-2021 03:35,8.654118443,1,1
02-01-2021 03:40,0.113706837,0,0
02-01-2021 03:45,-1.015742567,0,0
02-01-2021 03:50,1.4626796,0,0
02-01-2021 03:55,-0.220586072,0,0
02-01-2021 04:00,-1.238245795,0,0
02-01-2021 04:05,-0.482078762,0,0
02-01-2021 04:10,0.619397181,0,0
02-01-2021 04:15,-0.845586829,0,0
02-01-2021 04:20,-1.233330593,0,0
02-01-2021 04:25,0.365530817,0,0
02-01-2021 04:30,0.367449857,0,0
02-01-2021 04:35,-0.760414763,0,0
02-01-2021 04:40,-0.706557458,0,0
02-01-2021 04:45,0.348074906,0,0
02-01-2021 04:50,7.827873488,1,1
02-01-2021 04:55,-2.111195662,0,0
02-01-2021 05:00,-1.077666332,0,0
02-01-2021 05:05,-0.320170728,0,0
02-01-2021 05:10,0.466361348,0,0
02-01-2021 05:15,22.21303433,1,1
02-01-2021 05:20,21.28648943,1,1
02-01-2021 05:25,-0.239907795,0,0
02-01-2021 05:30,-0.028524312,0,0
02-01-2021 05:35,-1.503794047,0,0
02-01-2021 05:40,-0.027769704,0,0
02-01-2021 05:45,-0.432987958,0,0
02-01-2021 05:50,0.484077841,0,0
02-01-2021 05:55,-1.240846415,0,0
02-01-2021 06:00,0.779019771,0,0
02-01-2021 06:05,2.29910837,0,0
02-01-2021 06:10,-0.163140223,0,0
02-01-2021 06:15,0.602567583,0,0
02-01-2021 06:20,1.035215988,0,0
02-01-2021 06:25,-0.601830708,0,0
02-01-2021 06:30,0.336138723,0,0
02-01-2021 06:35,0.018888601,0,0
02-01-2021 06:40,0.146514148,0,0
02-01-2021 06:45,-1.159514676,0,0
02-01-2021 06:50,0.036765261,0,0
02-01-2021 06:55,15.74699744,1,1
02-01-2021 07:00,2.176715412,0,0
02-01-2021 07:05,1.438906239,0,0
02-01-2021 07:10,3.229773686,0,0
02-01-2021 07:15,-1.151021344,0,0
02-01-2021 07:20,1.308480955,0,0
02-01-2021 07:25,0.275013009,0,0
02-01-2021 07:30,3.2847044,0,0
02-01-2021 07:35,-1.212447428,0,0
02-01-2021 07:40,-1.259582763,0,0
02-01-2021 07:45,-0.899088968,0,0
02-01-2021 07:50,-3.185843586,0,0
02-01-2021 07:55,-0.788632533,0,0
02-01-2021 08:00,-1.138698992,0,0
02-01-2021 08:05,0.22559068,0,0
02-01-2021 08:10,0.512633964,0,0
02-01-2021 08:15,2.814256259,0,0
02-01-2021 08:20,16.42563576,1,1
02-01-2021 08:25,-0.865355483,0,0
02-01-2021 08:30,-1.347622007,0,0
02-01-2021 08:35,0.737878757,0,0
02-01-2021 08:40,-1.980349811,0,0
02-01-2021 08:45,2.747188149,0,0
02-01-2021 08:50,1.769160181,0,0
02-01-2021 08:55,-0.703763478,0,0
02-01-2021 09:00,-2.569701794,0,0
02-01-2021 09:05,2.030808561,0,0
02-01-2021 09:10,-0.171809768,0,0
02-01-2021 09:15,1.856724468,0,0
02-01-2021 09:20,-2.391641488,0,0
02-01-2021 09:25,-0.899062534,0,0
02-01-2021 09:30,0.00786555,0,0
02-01-2021 09:35,0.070470891,0,0
02-01-2021 09:40,-0.675098207,0,0
02-01-2021 09:45,0.934274899,0,0
02-01-2021 09:50,-1.601430644,0,0
02-01-2021 09:55,-0.213569228,0,0
02-01-2021 10:00,0.180443448,0,0
02-01-2021 10:05,10.77165825,1,1
02-01-2021 10:10,16.06742232,1,1
02-01-2021 10:15,-1.686963138,0,0
02-01-2021 10:20,-2.301171256,0,0
02-01-2021 10:25,1.916515233,0,0
02-01-2021 10:30,0.498471018,0,0
02-01-2021 10:35,-1.122729805,0,0
02-01-2021 10:40,22.32672796,1,1
02-01-2021 10:45,0.173511951,0,0
02-01-2021 10:50,1.768945776,0,0
02-01-2021 10:55,0.101277722,0,0
02-01-2021 11:00,3.091121887,0,0
02-01-2021 11:05,2.633011264,0,0
02-01-2021 11:10,-0.373446223,0,0
02-01-2021 11:15,1.457356426,0,0
02-01-2021 11:20,0.968063924,0,0
02-01-2021 11:25,2.052947336,0,0
02-01-2021 11:30,18.55261481,1,1
02-01-2021 11:35,1.02907719,0,0
02-01-2021 11:40,1.58763673,0,0
02-01-2021 11:45,-2.63810923,0,0
02-01-2021 11:50,-1.774887769,0,0
02-01-2021 11:55,-3.058848267,0,0
02-01-2021 12:00,-0.404110252,0,0
02-01-2021 12:05,1.076313384,0,0
02-01-2021 12:10,2.253535578,0,0
02-01-2021 12:15,0.111142171,0,0
02-01-2021 12:20,2.442923318,0,0
02-01-2021 12:25,-2.070152187,0,0
02-01-2021 12:30,-2.555073659,0,0
02-01-2021 12:35,-0.083321548,0,0
02-01-2021 12:40,0.576098173,0,0
02-01-2021 12:45,-0.049042122,0,0
02-01-2021 12:50,-3.10116315,0,0
02-01-2021 12:55,-0.133680059,0,0
02-01-2021 13:00,-1.956704251,0,0
02-01-2021 13:05,1.004508823,0,0
02-01-2021 13:10,0.549897369,0,0
02-01-2021 13:15,13.59018032,1,1
02-01-2021 13:20,-0.770800376,0,0
02-01-2021 13:25,-1.588820283,0,0
02-01-2021 13:30,-0.094018646,0,0
02-01-2021 13:35,1.432713481,0,0
02-01-2021 13:40,-1.47858907,0,0
02-01-2021 13:45,15.75606977,1,1
02-01-2021 13:50,-0.795386428,0,0
02-01-2021 13:55,-1.189309248,0,0
02-01-2021 14:00,-0.16054554,0,0
02-01-2021 14:05,-1.552863484,0,0
02-01-2021 14:10,-0.830473958,0,0
02-01-2021 14:15,-1.796816839,0,0
02-01-2021 14:20,2.947087699,0,0
02-01-2021 14:25,0.052895328,0,0
02-01-2021 14:30,-1.049588262,0,0
02-01-2021 14:35,0.320969866,0,0
02-01-2021 14:40,-0.168492075,0,0
02-01-2021 14:45,19.6685456,1,1
02-01-2021 14:50,0.92125005,0,0
02-01-2021 14:55,1.136261565,0,0
02-01-2021 15:00,-0.795751721,0,0
02-01-2021 15:05,-0.863727361,0,0
02-01-2021 15:10,-0.412577546,0,0
02-01-2021 15:15,-3.452881747,0,0
02-01-2021 15:20,17.72721341,1,1
02-01-2021 15:25,22.0503114,1,1
02-01-2021 15:30,2.46745157,0,0
02-01-2021 15:35,19.62644594,1,1
02-01-2021 15:40,0.864835445,0,0
02-01-2021 15:45,0.466875232,0,0
02-01-2021 15:50,4.618321213,0,0
02-01-2021 15:55,1.679362367,0,0
02-01-2021 16:00,-0.191876387,0,0
02-01-2021 16:05,-1.433310661,0,0
02-01-2021 16:10,17.59033052,1,1
02-01-2021 16:15,0.305195454,0,0
02-01-2021 16:20,-1.134526118,0,0
02-01-2021 16:25,-2.133380564,0,0
02-01-2021 16:30,14.03014067,1,1
02-01-2021 16:35,-1.622322005,0,0
02-01-2021 16:40,2.530712453,0,0
02-01-2021 16:45,1.322459635,0,0
02-01-2021 16:50,-0.011958962,0,0
02-01-2021 16:55,12.21991621,1,1
02-01-2021 17:00,0.116052461,0,0
02-01-2021 17:05,-1.291926302,0,0
02-01-2021 17:10,2.284686116,0,0
02-01-2021 17:15,0.808365066,0,0
02-01-2021 17:20,-1.555869231,0,0
02-01-2021 17:25,-0.285508017,0,0
02-01-2021 17:30,-1.31342738,0,0
02-01-2021 17:35,-2.074199596,0,0
02-01-2021 17:40,1.389266321,0,0
02-01-2021 17:45,2.864124961,0,0
02-01-2021 17:50,-2.097851361,0,0
02-01-2021 17:55,0.844453855,0,0
02-01-2021 18:00,-0.975963854,0,0
02-01-2021 18:05,-0.730688076,0,0
02-01-2021 18:10,-0.888590886,0,0
02-01-2021 18:15,-1.295986155,0,0
02-01-2021 18:20,0.072782442,0,0
02-01-2021 18:25,-1.246425175,0,0
02-01-2021 18:30,0.405685239,0,0
02-01-2021 18:35,-0.075357164,0,0
02-01-2021 18:40,-0.35842207,0,0
02-01-2021 18:45,-1.361345493,0,0
02-01-2021 18:50,-0.865156996,0,0
02-01-2021 18:55,1.133086839,0,0
02-01-2021 19:00,0.751375781,0,0
02-01-2021 19:05,-1.466332867,0,0
02-01-2021 19:10,0.148998458,0,0
02-01-2021 19:15,1.127080685,0,0
02-01-2021 19:20,-2.504107922,0,0
02-01-2021 19:25,0.815040289,0,0
02-01-2021 19:30,-0.993935638,0,0
02-01-2021 19:35,0.855898003,0,0
02-01-2021 19:40,-1.144888735,0,0
02-01-2021 19:45,-2.707323151,0,0
02-01-2021 19:50,-2.441313657,0,0
02-01-2021 19:55,0.07212742,0,0
02-01-2021 20:00,0.389583753,0,0
02-01-2021 20:05,-1.356474938,0,0
02-01-2021 20:10,10.95788869,1,1
02-01-2021 20:15,-2.492280093,0,0
02-01-2021 20:20,-0.099119698,0,0
02-01-2021 20:25,-1.8165243,0,0
02-01-2021 20:30,-0.977754162,0,0
02-01-2021 20:35,0.071098007,0,0
02-01-2021 20:40,-1.290620048,0,0
02-01-2021 20:45,-0.576833316,0,0
02-01-2021 20:50,21.50943921,1,1
02-01-2021 20:55,-0.865337804,0,0
02-01-2021 21:00,1.253538168,0,0
02-01-2021 21:05,-1.694560282,0,0
02-01-2021 21:10,0.794706267,0,0
02-01-2021 21:15,2.162352931,0,0
02-01-2021 21:20,-3.70746675,0,0
02-01-2021 21:25,-1.195342883,0,0
02-01-2021 21:30,0.865608191,0,0
02-01-2021 21:35,14.69543192,1,1
02-01-2021 21:40,0.55671881,0,0
02-01-2021 21:45,-0.90597778,0,0
02-01-2021 21:50,0.129884681,0,0
02-01-2021 21:55,-0.233515853,0,0
02-01-2021 22:00,1.751673092,0,0
02-01-2021 22:05,0.381631265,0,0
02-01-2021 22:10,0.506403993,0,0
02-01-2021 22:15,19.38218455,1,1
02-01-2021 22:20,-0.731409336,0,0
02-01-2021 22:25,-0.648837282,0,0
02-01-2021 22:30,0.591678214,0,0
02-01-2021 22:35,-0.631476721,0,0
02-01-2021 22:40,0.434662285,0,0
02-01-2021 22:45,3.113101198,0,0
02-01-2021 22:50,1.306687055,0,0
02-01-2021 22:55,-0.489035298,0,0
02-01-2021 23:00,1.801820883,0,0
02-01-2021 23:05,-0.61211306,0,0
02-01-2021 23:10,-3.057186803,0,0
02-01-2021 23:15,-1.512129466,0,0
02-01-2021 23:20,-2.806187882,0,0
02-01-2021 23:25,-0.527270226,0,0
02-01-2021 23:30,0.027627569,0,0
02-01-2021 23:35,2.514655968,0,0
02-01-2021 23:40,0.490391061,0,0
02-01-2021 23:45,-0.328650793,0,0
02-01-2021 23:50,1.244108372,0,0
02-01-2021 23:55,-3.316702964,0,0
03-01-2021 00:00,0.353421837,0,0
03-01-2021 00:05,1.156297791,0,0
03-01-2021 00:10,-2.217879369,0,0
03-01-2021 00:15,1.715631065,0,0
03-01-2021 00:20,0.507744611,0,0
03-01-2021 00:25,-0.622931871,0,0
03-01-2021 00:30,0.949172799,0,0
03-01-2021 00:35,3.406039287,0,0
03-01-2021 00:40,0.272799383,0,0
03-01-2021 00:45,0.372330879,0,0
03-01-2021 00:50,-0.689041349,0,0
03-01-2021 00:55,-1.274766554,0,0
03-01-2021 01:00,1.245503725,0,0
03-01-2021 01:05,-1.284125739,0,0
03-01-2021 01:10,0.107349356,0,0
03-01-2021 01:15,-0.71648617,0,0
03-01-2021 01:20,0.718469739,0,0
03-01-2021 01:25,0.500493158,0,0
03-01-2021 01:30,1.556309916,0,0
03-01-2021 01:35,-0.765024598,0,0
03-01-2021 01:40,-0.404812403,0,0
03-01-2021 01:45,-1.468145574,0,0
03-01-2021 01:50,-0.66643989,0,0
03-01-2021 01:55,0.56595074,0,0
03-01-2021 02:00,1.135482925,0,0
03-01-2021 02:05,-1.383247986,0,0
03-01-2021 02:10,1.30440888,0,0
03-01-2021 02:15,2.033456788,0,0
03-01-2021 02:20,0.620152355,0,0
03-01-2021 02:25,2.815193719,0,0
03-01-2021 02:30,-1.160683799,0,0
03-01-2021 02:35,-1.866982055,0,0
03-01-2021 02:40,12.33191963,1,1
03-01-2021 02:45,2.244066467,0,0
03-01-2021 02:50,0.981548485,0,0
03-01-2021 02:55,-0.083377006,0,0
03-01-2021 03:00,0.419952939,0,0
03-01-2021 03:05,-1.688233571,0,0
03-01-2021 03:10,3.668627969,0,0
03-01-2021 03:15,0.193831773,0,0
03-01-2021 03:20,0.164092192,0,0
03-01-2021 03:25,1.088649936,0,0
03-01-2021 03:30,0.721513848,0,0
03-01-2021 03:35,0.335826036,0,0
03-01-2021 03:40,-1.185711683,0,0
03-01-2021 03:45,0.707202536,0,0
03-01-2021 03:50,2.823036745,0,0
03-01-2021 03:55,2.018130069,0,0
03-01-2021 04:00,22.38977994,1,1
03-01-2021 04:05,19.23317649,1,1
03-01-2021 04:10,18.51559277,1,1
03-01-2021 04:15,-0.18868038,0,0
03-01-2021 04:20,0.083587368,0,0
03-01-2021 04:25,1.641287278,0,0
03-01-2021 04:30,-2.538696945,0,0
03-01-2021 04:35,2.294325479,0,0
03-01-2021 04:40,-0.237011848,0,0
03-01-2021 04:45,-0.640321605,0,0
03-01-2021 04:50,-1.518156563,0,0
03-01-2021 04:55,-2.482285008,0,0
03-01-2021 05:00,1.234755876,0,0
03-01-2021 05:05,0.109976951,0,0
03-01-2021 05:10,-1.93494135,0,0
03-01-2021 05:15,-1.942618158,0,0
03-01-2021 05:20,-0.503677049,0,0
03-01-2021 05:25,17.50353229,1,1
03-01-2021 05:30,-0.389387027,0,0
03-01-2021 05:35,-2.25471443,0,0
03-01-2021 05:40,-0.368614596,0,0
03-01-2021 05:45,-0.409085355,0,0
03-01-2021 05:50,5.954670036,1,1
03-01-2021 05:55,-0.0814423,0,0
03-01-2021 06:00,-0.346401795,0,0
03-01-2021 06:05,1.044309547,0,0
03-01-2021 06:10,2.773434142,0,0
03-01-2021 06:15,1.689847544,0,0
03-01-2021 06:20,-0.403333036,0,0
03-01-2021 06:25,-1.659788863,0,0
03-01-2021 06:30,3.860039705,0,0
03-01-2021 06:35,10.08882765,1,1
03-01-2021 06:40,0.020893938,0,0
03-01-2021 06:45,-0.036187631,0,0
03-01-2021 06:50,0.297127141,0,0
03-01-2021 06:55,-0.216540618,0,0
03-01-2021 07:00,-0.86049301,0,0
03-01-2021 07:05,-0.820288412,0,0
03-01-2021 07:10,19.95087009,1,1
03-01-2021 07:15,-0.815137157,0,0
03-01-2021 07:20,-1.069268674,0,0
03-01-2021 07:25,10.15964534,1,1
03-01-2021 07:30,-0.382465826,0,0
03-01-2021 07:35,2.255989483,0,0
03-01-2021 07:40,-3.976454713,0,0
03-01-2021 07:45,16.63726028,1,1
03-01-2021 07:50,1.869127789,0,0
03-01-2021 07:55,-3.110085349,0,0
03-01-2021 08:00,-0.514031391,0,0
03-01-2021 08:05,-0.557161299,0,0
03-01-2021 08:10,-2.111267542,0,0
03-01-2021 08:15,8.833274969,1,1
03-01-2021 08:20,-1.665863768,0,0
03-01-2021 08:25,2.628405665,0,0
03-01-2021 08:30,1.40351759,0,0
03-01-2021 08:35,1.907332642,0,0
03-01-2021 08:40,1.082508096,0,0
03-01-2021 08:45,-1.693577657,0,0
03-01-2021 08:50,-0.786780399,0,0
03-01-2021 08:55,0.734061842,0,0
03-01-2021 09:00,-1.833191713,0,0
03-01-2021 09:05,1.069497645,0,0
03-01-2021 09:10,9.639511903,1,1
03-01-2021 09:15,-0.562231211,0,0
03-01-2021 09:20,1.066439952,0,0
03-01-2021 09:25,0.666394967,0,0
03-01-2021 09:30,-0.541449249,0,0
03-01-2021 09:35,21.73899471,1,1
03-01-2021 09:40,-1.621594991,0,0
03-01-2021 09:45,0.92390341,0,0
03-01-2021 09:50,0.889651887,0,0
03-01-2021 09:55,-0.464319659,0,0
03-01-2021 10:00,0.489199533,0,0
03-01-2021 10:05,-1.876670365,0,0
03-01-2021 10:10,1.386040529,0,0
03-01-2021 10:15,-0.277353205,0,0
03-01-2021 10:20,-0.784084531,0,0
03-01-2021 10:25,1.573513839,0,0
03-01-2021 10:30,-1.056515536,0,0
03-01-2021 10:35,-2.112691945,0,0
03-01-2021 10:40,-2.33494376,0,0
03-01-2021 10:45,20.90901493,1,1
03-01-2021 10:50,-1.920644029,0,0
03-01-2021 10:55,2.632191273,0,0
03-01-2021 11:00,-3.122894112,0,0
03-01-2021 11:05,2.544684552,0,0
03-01-2021 11:10,0.316526201,0,0
03-01-2021 11:15,19.85493033,1,1
03-01-2021 11:20,-0.81737863,0,0
03-01-2021 11:25,0.598704172,0,0
03-01-2021 11:30,9.943547946,1,1
03-01-2021 11:35,1.654952823,0,0
03-01-2021 11:40,0.171341473,0,0
03-01-2021 11:45,0.225452642,0,0
03-01-2021 11:50,-0.545418318,0,0
03-01-2021 11:55,-0.085418436,0,0
03-01-2021 12:00,0.461702653,0,0
03-01-2021 12:05,-2.565252589,0,0
03-01-2021 12:10,-2.022278133,0,0
03-01-2021 12:15,1.114896141,0,0
03-01-2021 12:20,0.256298157,0,0
03-01-2021 12:25,-0.275975005,0,0
03-01-2021 12:30,0.0276509,0,0
03-01-2021 12:35,0.521372558,0,0
03-01-2021 12:40,-0.80963952,0,0
03-01-2021 12:45,-1.167457088,0,0
03-01-2021 12:50,0.293767883,0,0
03-01-2021 12:55,-1.467559166,0,0
03-01-2021 13:00,0.612379134,0,0
03-01-2021 13:05,-2.553875406,0,0
03-01-2021 13:10,11.54373346,1,1
03-01-2021 13:15,0.708896224,0,0
03-01-2021 13:20,0.384044601,0,0
03-01-2021 13:25,1.474036476,0,0
03-01-2021 13:30,2.498211667,0,0
03-01-2021 13:35,1.521555098,0,0
03-01-2021 13:40,-2.761311347,0,0
03-01-2021 13:45,-1.91936545,0,0
03-01-2021 13:50,-0.937227867,0,0
03-01-2021 13:55,0.039136575,0,0
03-01-2021 14:00,0.776488531,0,0
03-01-2021 14:05,-1.08861572,0,0
03-01-2021 14:10,0.280150147,0,0
03-01-2021 14:15,-1.133074399,0,0
03-01-2021 14:20,14.0827233,1,1
03-01-2021 14:25,-2.109991645,0,0
03-01-2021 14:30,-1.384849869,0,0
03-01-2021 14:35,-2.027526908,0,0
03-01-2021 14:40,-1.463809879,0,0
03-01-2021 14:45,1.580462695,0,0
03-01-2021 14:50,-1.424098333,0,0
03-01-2021 14:55,3.948573097,0,0
03-01-2021 15:00,0.739976851,0,0
03-01-2021 15:05,0.277254186,0,0
03-01-2021 15:10,-1.28753667,0,0
03-01-2021 15:15,1.050464819,0,0
03-01-2021 15:20,-0.863456739,0,0
03-01-2021 15:25,20.18301472,1,1
03-01-2021 15:30,3.840126807,0,0
03-01-2021 15:35,19.85591015,1,1
03-01-2021 15:40,1.723909989,0,0
03-01-2021 15:45,-1.054764638,0,0
03-01-2021 15:50,-0.052482736,0,0
03-01-2021 15:55,2.656200953,0,0
03-01-2021 16:00,-0.940450587,0,0
03-01-2021 16:05,2.718672837,0,0
03-01-2021 16:10,1.061627903,0,0
03-01-2021 16:15,-0.843700164,0,0
03-01-2021 16:20,0.948611609,0,0
03-01-2021 16:25,11.45883167,1,1
03-01-2021 16:30,0.932714943,0,0
03-01-2021 16:35,-2.35533708,0,0
03-01-2021 16:40,-1.090705764,0,0
03-01-2021 16:45,-0.371277953,0,0
03-01-2021 16:50,-0.111650144,0,0
03-01-2021 16:55,0.931008146,0,0
03-01-2021 17:00,0.266551501,0,0
03-01-2021 17:05,-2.003016538,0,0
03-01-2021 17:10,0.570296777,0,0
03-01-2021 17:15,0.915878618,0,0
03-01-2021 17:20,0.839685672,0,0
03-01-2021 17:25,1.621171088,0,0
03-01-2021 17:30,1.250883232,0,0
03-01-2021 17:35,0.688770119,0,0
03-01-2021 17:40,-0.105248567,0,0
03-01-2021 17:45,-2.4914414,0,0
03-01-2021 17:50,0.644427329,0,0
03-01-2021 17:55,20.31153153,1,1
03-01-2021 18:00,0.407368256,0,0
03-01-2021 18:05,-1.915122864,0,0
03-01-2021 18:10,13.37841519,1,1
03-01-2021 18:15,1.57972928,0,0
03-01-2021 18:20,-0.059332731,0,0
03-01-2021 18:25,1.022251046,0,0
03-01-2021 18:30,10.04247756,1,1
03-01-2021 18:35,0.044634209,0,0
03-01-2021 18:40,1.407425709,0,0
03-01-2021 18:45,-0.774067092,0,0
03-01-2021 18:50,0.144181165,0,0
03-01-2021 18:55,-0.693412933,0,0
03-01-2021 19:00,-0.651744341,0,0
03-01-2021 19:05,-0.463758185,0,0
03-01-2021 19:10,0.333200657,0,0
03-01-2021 19:15,-0.718122932,0,0
03-01-2021 19:20,1.883634188,0,0
03-01-2021 19:25,-1.341910953,0,0
03-01-2021 19:30,9.719692534,1,1
03-01-2021 19:35,19.34040341,1,1
03-01-2021 19:40,2.170466827,0,0
03-01-2021 19:45,0.294832165,0,0
03-01-2021 19:50,1.547766809,0,0
03-01-2021 19:55,-2.22834056,0,0
03-01-2021 20:00,0.400575399,0,0
03-01-2021 20:05,1.334446193,0,0
03-01-2021 20:10,0.123425984,0,0
03-01-2021 20:15,1.598220563,0,0
03-01-2021 20:20,-0.775932675,0,0
03-01-2021 20:25,2.11402116,0,0
03-01-2021 20:30,3.448347185,0,0
03-01-2021 20:35,-0.544257841,0,0
03-01-2021 20:40,-0.668253782,0,0
03-01-2021 20:45,2.180076716,0,0
03-01-2021 20:50,2.369358219,0,0
03-01-2021 20:55,-0.784290041,0,0
03-01-2021 21:00,-0.630280226,0,0
03-01-2021 21:05,-0.422676913,0,0
03-01-2021 21:10,-2.016675767,0,0
03-01-2021 21:15,-1.37797792,0,0
03-01-2021 21:20,-1.50621115,0,0
03-01-2021 21:25,-1.151696348,0,0
03-01-2021 21:30,-0.052027331,0,0
03-01-2021 21:35,0.351322099,0,0
03-01-2021 21:40,2.325750739,0,0
03-01-2021 21:45,-1.497531061,0,0
03-01-2021 21:50,1.476483598,0,0
03-01-2021 21:55,-0.320983266,0,0
03-01-2021 22:00,-0.074195564,0,0
03-01-2021 22:05,1.012229238,0,0
03-01-2021 22:10,-1.684083032,0,0
03-01-2021 22:15,0.573614619,0,0
03-01-2021 22:20,10.24967831,1,1
03-01-2021 22:25,0.738676896,0,0
03-01-2021 22:30,0.433752966,0,0
03-01-2021 22:35,3.68295021,0,0
03-01-2021 22:40,-0.956609976,0,0
03-01-2021 22:45,-0.796495433,0,0
03-01-2021 22:50,-0.93471079,0,0
03-01-2021 22:55,-0.833215679,0,0
03-01-2021 23:00,-0.956080691,0,0
03-01-2021 23:05,1.783524797,0,0
03-01-2021 23:10,22.13075637,1,1
03-01-2021 23:15,-0.856119441,0,0
03-01-2021 23:20,8.75146664,1,1
03-01-2021 23:25,0.707123335,0,0
03-01-2021 23:30,-0.828334566,0,0
03-01-2021 23:35,0.949397727,0,0
03-01-2021 23:40,0.304384531,0,0
03-01-2021 23:45,-2.273616172,0,0
03-01-2021 23:50,2.321257802,0,0
03-01-2021 23:55,2.69381651,0,0
04-01-2021 00:00,-0.919183036,0,0
04-01-2021 00:05,-0.58155234,0,0
04-01-2021 00:10,0.428798086,0,0
04-01-2021 00:15,0.501685185,0,0
04-01-2021 00:20,0.987816409,0,0
04-01-2021 00:25,3.015306808,0,0
04-01-2021 00:30,-0.265420841,0,0
04-01-2021 00:35,-1.197445867,0,0
04-01-2021 00:40,-2.068978842,0,0
04-01-2021 00:45,-1.09639506,0,0
04-01-2021 00:50,-0.049690459,0,0
04-01-2021 00:55,2.691836795,0,0
04-01-2021 01:00,-0.776416949,0,0
04-01-2021 01:05,0.335681927,0,0
04-01-2021 01:10,-0.024634344,0,0
04-01-2021 01:15,21.78258991,1,1
04-01-2021 01:20,3.790398639,0,0
04-01-2021 01:25,14.20369684,1,1
04-01-2021 01:30,-0.734159164,0,0
04-01-2021 01:35,1.566241316,0,0
04-01-2021 01:40,1.022837234,0,0
04-01-2021 01:45,2.770060989,0,0
04-01-2021 01:50,0.875892278,0,0
04-01-2021 01:55,-0.538938136,0,0
04-01-2021 02:00,0.885982246,0,0
04-01-2021 02:05,1.663055371,0,0
04-01-2021 02:10,1.230723272,0,0
04-01-2021 02:15,0.760911047,0,0
04-01-2021 02:20,1.600012034,0,0
04-01-2021 02:25,1.753943386,0,0
04-01-2021 02:30,2.073238487,0,0
04-01-2021 02:35,0.973064831,0,0
04-01-2021 02:40,-0.25067712,0,0
04-01-2021 02:45,0.22007053,0,0
04-01-2021 02:50,1.80976345,0,0
04-01-2021 02:55,-1.225403506,0,0
04-01-2021 03:00,0.553009963,0,0
04-01-2021 03:05,-0.590008218,0,0
04-01-2021 03:10,0.043117234,0,0
04-01-2021 03:15,1.917677794,0,0
04-01-2021 03:20,0.286648602,0,0
04-01-2021 03:25,0.069654822,0,0
04-01-2021 03:30,-2.039784211,0,0
04-01-2021 03:35,16.11938035,1,1
04-01-2021 03:40,0.968226272,0,0
04-01-2021 03:45,3.244882085,0,0
04-01-2021 03:50,-0.461667352,0,0
04-01-2021 03:55,0.328725491,0,0
04-01-2021 04:00,0.374075526,0,0
04-01-2021 04:05,12.36617992,1,1
04-01-2021 04:10,-0.142943299,0,0
04-01-2021 04:15,0.418532289,0,0
04-01-2021 04:20,0.911844765,0,0
04-01-2021 04:25,0.279913685,0,0
04-01-2021 04:30,-0.669650422,0,0
04-01-2021 04:35,0.291134989,0,0
04-01-2021 04:40,1.610447625,0,0
04-01-2021 04:45,-1.539772949,0,0
04-01-2021 04:50,15.19945451,1,1
04-01-2021 04:55,-1.050181222,0,0
04-01-2021 05:00,1.792569943,0,0
04-01-2021 05:05,17.71521964,1,1
04-01-2021 05:10,-0.838382771,0,0
04-01-2021 05:15,0.565817813,0,0
04-01-2021 05:20,2.348286044,0,0
04-01-2021 05:25,-0.098625392,0,0
04-01-2021 05:30,-0.83279929,0,0
04-01-2021 05:35,2.821735604,0,0
04-01-2021 05:40,-2.172020851,0,0
04-01-2021 05:45,-3.298208935,0,0
04-01-2021 05:50,0.660021675,0,0
04-01-2021 05:55,-0.753081337,0,0
04-01-2021 06:00,-1.531849226,0,0
04-01-2021 06:05,1.062534671,0,0
04-01-2021 06:10,0.365701071,0,0
04-01-2021 06:15,-0.846117946,0,0
04-01-2021 06:20,-1.920456598,0,0
04-01-2021 06:25,1.308685992,0,0
04-01-2021 06:30,0.975301767,0,0
04-01-2021 06:35,-0.148763796,0,0
04-01-2021 06:40,12.76995549,1,1
04-01-2021 06:45,-1.605127149,0,0
04-01-2021 06:50,-2.288287756,0,0
04-01-2021 06:55,-1.037862105,0,0
04-01-2021 07:00,-0.068379025,0,0
04-01-2021 07:05,0.365009174,0,0
04-01-2021 07:10,-0.361854087,0,0
04-01-2021 07:15,0.528083095,0,0
04-01-2021 07:20,-1.877309136,0,0
04-01-2021 07:25,17.16564691,1,1
04-01-2021 07:30,-0.123226768,0,0
04-01-2021 07:35,1.675943747,0,0
04-01-2021 07:40,0.51408802,0,0
04-01-2021 07:45,0.685129829,0,0
04-01-2021 07:50,0.85465092,0,0
04-01-2021 07:55,20.67156284,1,1
04-01-2021 08:00,0.96408414,0,0
04-01-2021 08:05,11.9937288,1,1
04-01-2021 08:10,0.294781755,0,0
04-01-2021 08:15,1.063505636,0,0
04-01-2021 08:20,-0.134603541,0,0
04-01-2021 08:25,2.160175823,0,0
04-01-2021 08:30,-1.014588453,0,0
04-01-2021 08:35,2.701410649,0,0
04-01-2021 08:40,9.939763074,1,1
04-01-2021 08:45,-2.146162653,0,0
04-01-2021 08:50,0.192156622,0,0
04-01-2021 08:55,-1.021577486,0,0
04-01-2021 09:00,1.260965323,0,0
04-01-2021 09:05,-0.978935969,0,0
04-01-2021 09:10,-0.66927515,0,0
04-01-2021 09:15,-2.834311096,0,0
04-01-2021 09:20,-0.678459479,0,0
04-01-2021 09:25,-3.63581899,0,0
04-01-2021 09:30,-2.375854235,0,0
04-01-2021 09:35,1.140621984,0,0
04-01-2021 09:40,1.178700238,0,0
04-01-2021 09:45,0.638186343,0,0
04-01-2021 09:50,-1.450464215,0,0
04-01-2021 09:55,-0.071567034,0,0
04-01-2021 10:00,-0.005403809,0,0
04-01-2021 10:05,-1.737547034,0,0
04-01-2021 10:10,12.25509745,1,1
04-01-2021 10:15,1.316043436,0,0
04-01-2021 10:20,9.668553739,1,1
04-01-2021 10:25,0.040328758,0,0
04-01-2021 10:30,0.312574212,0,0
04-01-2021 10:35,-3.062602303,0,0
04-01-2021 10:40,-0.370766074,0,0
04-01-2021 10:45,-1.022976372,0,0
04-01-2021 10:50,8.497569985,1,1
04-01-2021 10:55,-0.421650439,0,0
04-01-2021 11:00,2.69652979,0,0
04-01-2021 11:05,15.96126429,1,1
04-01-2021 11:10,-0.856768485,0,0
04-01-2021 11:15,0.858874172,0,0
04-01-2021 11:20,2.099033155,0,0
04-01-2021 11:25,1.386950524,0,0
04-01-2021 11:30,20.08944555,1,1
04-01-2021 11:35,-0.970405167,0,0
04-01-2021 11:40,1.04733497,0,0
04-01-2021 11:45,10.59022808,1,1
04-01-2021 11:50,1.34278983,0,0
04-01-2021 11:55,0.952757703,0,0
04-01-2021 12:00,1.574329073,0,0
04-01-2021 12:05,-0.802852817,0,0
04-01-2021 12:10,1.976091098,0,0
04-01-2021 12:15,0.296399407,0,0
04-01-2021 12:20,3.112891309,0,0
04-01-2021 12:25,13.96621827,1,1
04-01-2021 12:30,2.603945705,0,0
04-01-2021 12:35,0.296866175,0,0
04-01-2021 12:40,-0.977127005,0,0
04-01-2021 12:45,-0.725828751,0,0
04-01-2021 12:50,-0.480520962,0,0
04-01-2021 12:55,0.63624892,0,0
04-01-2021 13:00,20.78425323,1,1
04-01-2021 13:05,-0.860550006,0,0
04-01-2021 13:10,-0.036531888,0,0
04-01-2021 13:15,3.213405538,0,0
04-01-2021 13:20,2.591314755,0,0
04-01-2021 13:25,0.654485505,0,0
04-01-2021 13:30,0.057005217,0,0
04-01-2021 13:35,0.18004699,0,0
04-01-2021 13:40,0.920276959,0,0
04-01-2021 13:45,-1.534188848,0,0
04-01-2021 13:50,-0.386064806,0,0
04-01-2021 13:55,-2.502876111,0,0
04-01-2021 14:00,0.598834684,0,0
04-01-2021 14:05,0.97079391,0,0
04-01-2021 14:10,-0.724779693,0,0
04-01-2021 14:15,2.360980145,0,0
04-01-2021 14:20,-1.838648495,0,0
04-01-2021 14:25,-2.19656232,0,0
04-01-2021 14:30,0.336677728,0,0
04-01-2021 14:35,1.570647454,0,0
04-01-2021 14:40,2.525891537,0,0
04-01-2021 14:45,-0.688326394,0,0
04-01-2021 14:50,1.61802125,0,0
04-01-2021 14:55,-0.057762704,0,0
04-01-2021 15:00,19.74105905,1,1
04-01-2021 15:05,1.325489906,0,0
04-01-2021 15:10,0.978484318,0,0
04-01-2021 15:15,-2.364588235,0,0
04-01-2021 15:20,2.214810525,0,0
04-01-2021 15:25,2.070137031,0,0
04-01-2021 15:30,-0.938344052,0,0
04-01-2021 15:35,0.5937053,0,0
04-01-2021 15:40,0.741045279,0,0
04-01-2021 15:45,0.391010649,0,0
04-01-2021 15:50,-0.825457731,0,0
04-01-2021 15:55,-1.007435052,0,0
04-01-2021 16:00,-0.038331106,0,0
04-01-2021 16:05,1.759093529,0,0
04-01-2021 16:10,0.815400232,0,0
04-01-2021 16:15,-0.555921498,0,0
04-01-2021 16:20,1.157548066,0,0
04-01-2021 16:25,-4.272813931,0,0
04-01-2021 16:30,1.723148551,0,0
04-01-2021 16:35,-2.609570668,0,0
04-01-2021 16:40,-0.543661412,0,0
04-01-2021 16:45,-1.679504842,0,0
04-01-2021 16:50,-1.942022214,0,0
04-01-2021 16:55,1.741240181,0,0
04-01-2021 17:00,-0.701551802,0,0
04-01-2021 17:05,0.519755823,0,0
04-01-2021 17:10,-0.070380868,0,0
04-01-2021 17:15,15.71556124,1,1
04-01-2021 17:20,0.115232837,0,0
04-01-2021 17:25,-1.924488336,0,0
04-01-2021 17:30,1.494400229,0,0
04-01-2021 17:35,-0.740634875,0,0
04-01-2021 17:40,-2.334872848,0,0
04-01-2021 17:45,19.35782726,1,1
04-01-2021 17:50,2.251139686,0,0
04-01-2021 17:55,1.275332613,0,0
04-01-2021 18:00,14.4770218,1,1
04-01-2021 18:05,-0.523886556,0,0
04-01-2021 18:10,-0.482452577,0,0
04-01-2021 18:15,3.115121975,0,0
04-01-2021 18:20,20.57290318,1,1
04-01-2021 18:25,0.645062471,0,0
04-01-2021 18:30,1.545425181,0,0
04-01-2021 18:35,15.35818374,1,1
04-01-2021 18:40,-0.388563219,0,0
04-01-2021 18:45,-0.294524774,0,0
04-01-2021 18:50,9.892598111,1,1
04-01-2021 18:55,-0.055833355,0,0
04-01-2021 19:00,1.091444315,0,0
04-01-2021 19:05,15.07791883,1,1
04-01-2021 19:10,1.098960116,0,0
04-01-2021 19:15,-0.12107487,0,0
04-01-2021 19:20,0.117952785,0,0
04-01-2021 19:25,-2.997301027,0,0
04-01-2021 19:30,1.374491512,0,0
04-01-2021 19:35,0.519732714,0,0
04-01-2021 19:40,1.497015165,0,0
04-01-2021 19:45,-4.344383067,0,0
04-01-2021 19:50,3.132562057,0,0
04-01-2021 19:55,-0.209384442,0,0
04-01-2021 20:00,1.662274225,0,0
04-01-2021 20:05,-1.559858891,0,0
04-01-2021 20:10,0.919160858,0,0
04-01-2021 20:15,-1.580123345,0,0
04-01-2021 20:20,-0.935653441,0,0
04-01-2021 20:25,2.871047031,0,0
04-01-2021 20:30,-0.286023601,0,0
04-01-2021 20:35,0.32614931,0,0
04-01-2021 20:40,1.305101596,0,0
04-01-2021 20:45,0.743522832,0,0
04-01-2021 20:50,0.225628358,0,0
04-01-2021 20:55,0.547441504,0,0
04-01-2021 21:00,3.605123378,0,0
04-01-2021 21:05,-0.086428196,0,0
04-01-2021 21:10,0.30164857,0,0
04-01-2021 21:15,1.575981594,0,0
04-01-2021 21:20,1.658288899,0,0
04-01-2021 21:25,1.780545458,0,0
04-01-2021 21:30,15.95809533,1,1
04-01-2021 21:35,-1.714507369,0,0
04-01-2021 21:40,2.450147298,0,0
04-01-2021 21:45,-1.71951809,0,0
04-01-2021 21:50,0.453953198,0,0
04-01-2021 21:55,-1.131413775,0,0
04-01-2021 22:00,-0.09620752,0,0
04-01-2021 22:05,0.493143615,0,0
04-01-2021 22:10,0.482035823,0,0
04-01-2021 22:15,0.632881131,0,0
04-01-2021 22:20,2.420566904,0,0
04-01-2021 22:25,0.680301452,0,0
04-01-2021 22:30,-0.366234953,0,0
04-01-2021 22:35,1.446130752,0,0
04-01-2021 22:40,1.784205733,0,0
04-01-2021 22:45,18.15858828,1,1
04-01-2021 22:50,0.896100105,0,0
04-01-2021 22:55,16.05175911,1,1
04-01-2021 23:00,-0.446345255,0,0
04-01-2021 23:05,2.06356022,0,0
04-01-2021 23:10,-0.225083381,0,0
04-01-2021 23:15,0.18836468,0,0
04-01-2021 23:20,-0.259607736,0,0
04-01-2021 23:25,0.023368571,0,0
04-01-2021 23:30,-1.64441263,0,0
04-01-2021 23:35,-2.160076324,0,0
04-01-2021 23:40,2.391757595,0,0
04-01-2021 23:45,-1.270442022,0,0
04-01-2021 23:50,-1.487088524,0,0
04-01-2021 23:55,-3.23008517,0,0
05-01-2021 00:00,-0.958442622,0,0
05-01-2021 00:05,-1.98463469,0,0
05-01-2021 00:10,17.46302274,1,1
05-01-2021 00:15,1.514725634,0,0
05-01-2021 00:20,-1.032225518,0,0
05-01-2021 00:25,3.378653708,0,0
05-01-2021 00:30,1.47264823,0,0
05-01-2021 00:35,-0.487247075,0,0
05-01-2021 00:40,-3.749108572,0,0
05-01-2021 00:45,3.436413859,0,0
05-01-2021 00:50,-2.0843587,0,0
05-01-2021 00:55,-2.46809812,0,0
05-01-2021 01:00,1.533855648,0,0
05-01-2021 01:05,3.65962861,0,0
05-01-2021 01:10,2.076409228,0,0
05-01-2021 01:15,0.84586368,0,0
05-01-2021 01:20,0.892131512,0,0
05-01-2021 01:25,1.280123338,0,0
05-01-2021 01:30,1.138392885,0,0
05-01-2021 01:35,0.421787136,0,0
05-01-2021 01:40,0.156301656,0,0
05-01-2021 01:45,-0.093889692,0,0
05-01-2021 01:50,-1.130946883,0,0
05-01-2021 01:55,-0.421012615,0,0
05-01-2021 02:00,-2.539435221,0,0
05-01-2021 02:05,-0.14750944,0,0
05-01-2021 02:10,-1.482886661,0,0
05-01-2021 02:15,-1.655383976,0,0
05-01-2021 02:20,0.269841227,0,0
05-01-2021 02:25,2.08800343,0,0
05-01-2021 02:30,1.377474909,0,0
05-01-2021 02:35,-2.355750905,0,0
05-01-2021 02:40,-1.484442205,0,0
05-01-2021 02:45,1.411156782,0,0
05-01-2021 02:50,-1.47373109,0,0
05-01-2021 02:55,-0.336949725,0,0
05-01-2021 03:00,0.825078149,0,0
05-01-2021 03:05,-1.452516682,0,0
05-01-2021 03:10,0.158063259,0,0
05-01-2021 03:15,-2.001038242,0,0
05-01-2021 03:20,-0.902051466,0,0
05-01-2021 03:25,10.4796729,1,1
05-01-2021 03:30,12.6105094,1,1
05-01-2021 03:35,0.660712107,0,0
05-01-2021 03:40,-0.029456698,0,0
05-01-2021 03:45,0.828734932,0,0
05-01-2021 03:50,0.335871201,0,0
05-01-2021 03:55,2.046210645,0,0
05-01-2021 04:00,0.187836754,0,0
05-01-2021 04:05,-0.644108312,0,0
05-01-2021 04:10,0.183446255,0,0
05-01-2021 04:15,0.814947044,0,0
05-01-2021 04:20,0.073290105,0,0
05-01-2021 04:25,0.060887537,0,0
05-01-2021 04:30,-1.052987532,0,0
05-01-2021 04:35,-0.994351376,0,0
05-01-2021 04:40,-2.103907908,0,0
05-01-2021 04:45,2.624365115,0,0
05-01-2021 04:50,13.13420515,1,1
05-01-2021 04:55,-1.039357797,0,0
05-01-2021 05:00,-1.077610898,0,0
05-01-2021 05:05,1.342386565,0,0
05-01-2021 05:10,-0.442424517,0,0
05-01-2021 05:15,1.871613109,0,0
05-01-2021 05:20,-1.010235936,0,0
05-01-2021 05:25,0.418491243,0,0
05-01-2021 05:30,-1.25302058,0,0
05-01-2021 05:35,13.21772369,1,1
05-01-2021 05:40,-1.781397629,0,0
05-01-2021 05:45,0.464731065,0,0
05-01-2021 05:50,0.950665321,0,0
05-01-2021 05:55,15.62069865,1,1
05-01-2021 06:00,-0.277931488,0,0
05-01-2021 06:05,-0.19473105,0,0
05-01-2021 06:10,0.065717208,0,0
05-01-2021 06:15,-0.220503002,0,0
05-01-2021 06:20,1.445818675,0,0
05-01-2021 06:25,3.315784502,0,0
05-01-2021 06:30,19.16376232,1,1
05-01-2021 06:35,-2.054704469,0,0
05-01-2021 06:40,-0.132423073,0,0
05-01-2021 06:45,3.869564006,0,0
05-01-2021 06:50,-1.205511852,0,0
05-01-2021 06:55,2.458675208,0,0
05-01-2021 07:00,2.516551221,0,0
05-01-2021 07:05,-0.830382363,0,0
05-01-2021 07:10,0.853474619,0,0
05-01-2021 07:15,2.442594935,0,0
05-01-2021 07:20,-0.568691611,0,0
05-01-2021 07:25,-0.30537054,0,0
05-01-2021 07:30,-0.872521371,0,0
05-01-2021 07:35,13.4778649,1,1
05-01-2021 07:40,-0.973916318,0,0
05-01-2021 07:45,-1.8359104,0,0
05-01-2021 07:50,0.051125202,0,0
05-01-2021 07:55,13.84504015,1,1
05-01-2021 08:00,0.350678868,0,0
05-01-2021 08:05,-2.333843469,0,0
05-01-2021 08:10,0.496320348,0,0
05-01-2021 08:15,1.250293442,0,0
05-01-2021 08:20,-2.990603464,0,0
05-01-2021 08:25,0.561084855,0,0
05-01-2021 08:30,1.841503489,0,0
05-01-2021 08:35,-1.814461528,0,0
05-01-2021 08:40,2.50885858,0,0
05-01-2021 08:45,0.628528514,0,0
05-01-2021 08:50,-1.057517784,0,0
05-01-2021 08:55,-0.083653616,0,0
05-01-2021 09:00,0.837490369,0,0
05-01-2021 09:05,0.114008087,0,0
05-01-2021 09:10,0.808133989,0,0
05-01-2021 09:15,-1.38101039,0,0
05-01-2021 09:20,0.254041236,0,0
05-01-2021 09:25,-2.120571745,0,0
05-01-2021 09:30,-0.166839092,0,0
05-01-2021 09:35,-1.355861462,0,0
05-01-2021 09:40,-1.103294914,0,0
05-01-2021 09:45,1.854139763,0,0
05-01-2021 09:50,1.636965181,0,0
05-01-2021 09:55,0.913707181,0,0
05-01-2021 10:00,-1.638469147,0,0
05-01-2021 10:05,-0.474612675,0,0
05-01-2021 10:10,1.81964655,0,0
05-01-2021 10:15,0.21257537,0,0
05-01-2021 10:20,3.47899431,0,0
05-01-2021 10:25,15.58997676,1,1
05-01-2021 10:30,0.288073675,0,0
05-01-2021 10:35,-0.463674696,0,0
05-01-2021 10:40,0.200311357,0,0
05-01-2021 10:45,-0.228704755,0,0
05-01-2021 10:50,1.062163015,0,0
05-01-2021 10:55,1.435053475,0,0
05-01-2021 11:00,-1.178984191,0,0
05-01-2021 11:05,-1.99684943,0,0
05-01-2021 11:10,-2.75430806,0,0
05-01-2021 11:15,0.76198699,0,0
05-01-2021 11:20,-1.655049909,0,0
05-01-2021 11:25,-3.229335889,0,0
05-01-2021 11:30,0.582867907,0,0
05-01-2021 11:35,3.739499276,0,0
05-01-2021 11:40,19.99089363,1,1
05-01-2021 11:45,1.257736162,0,0
05-01-2021 11:50,10.12274404,1,1
05-01-2021 11:55,-0.14833448,0,0
05-01-2021 12:00,1.378614724,0,0
05-01-2021 12:05,-0.435411816,0,0
05-01-2021 12:10,0.401088471,0,0
05-01-2021 12:15,0.482546709,0,0
05-01-2021 12:20,-1.00213568,0,0
05-01-2021 12:25,1.488063524,0,0
05-01-2021 12:30,-0.262439635,0,0
05-01-2021 12:35,-1.133617739,0,0
05-01-2021 12:40,0.804764765,0,0
05-01-2021 12:45,-1.347701973,0,0
05-01-2021 12:50,0.042271736,0,0
05-01-2021 12:55,-0.013678495,0,0
05-01-2021 13:00,1.628843349,0,0
05-01-2021 13:05,0.712047349,0,0
05-01-2021 13:10,-0.037540438,0,0
05-01-2021 13:15,1.226649449,0,0
05-01-2021 13:20,2.085311324,0,0
05-01-2021 13:25,0.83671546,0,0
05-01-2021 13:30,0.01552893,0,0
05-01-2021 13:35,13.03224565,1,1
05-01-2021 13:40,-1.597670495,0,0
05-01-2021 13:45,-0.457837057,0,0
05-01-2021 13:50,-0.914268303,0,0
05-01-2021 13:55,-0.280456954,0,0
05-01-2021 14:00,0.084974887,0,0
05-01-2021 14:05,0.794539132,0,0
05-01-2021 14:10,-0.105748167,0,0
05-01-2021 14:15,0.729752466,0,0
05-01-2021 14:20,0.096711622,0,0
05-01-2021 14:25,-2.96319985,0,0
05-01-2021 14:30,-1.409003091,0,0
05-01-2021 14:35,-0.216131334,0,0
05-01-2021 14:40,-1.814542114,0,0
05-01-2021 14:45,0.899893095,0,0
05-01-2021 14:50,17.29612625,1,1
05-01-2021 14:55,1.828142778,0,0
05-01-2021 15:00,-0.320164306,0,0
05-01-2021 15:05,2.236089205,0,0
05-01-2021 15:10,0.223001186,0,0
05-01-2021 15:15,-0.505628957,0,0
05-01-2021 15:20,-0.920103995,0,0
05-01-2021 15:25,-0.45370453,0,0
05-01-2021 15:30,-0.582265228,0,0
05-01-2021 15:35,0.255624334,0,0
05-01-2021 15:40,0.240860972,0,0
05-01-2021 15:45,0.00456903,0,0
05-01-2021 15:50,0.655407255,0,0
05-01-2021 15:55,11.78596941,1,1
05-01-2021 16:00,1.424331203,0,0
05-01-2021 16:05,-2.227346953,0,0
05-01-2021 16:10,-3.830881702,0,0
05-01-2021 16:15,1.401479867,0,0
05-01-2021 16:20,-2.050318048,0,0
05-01-2021 16:25,-0.337148103,0,0
05-01-2021 16:30,-1.755169539,0,0
05-01-2021 16:35,12.29702934,1,1
05-01-2021 16:40,0.812194092,0,0
05-01-2021 16:45,1.13873274,0,0
05-01-2021 16:50,-0.864765601,0,0
05-01-2021 16:55,-3.886563438,0,0
05-01-2021 17:00,19.18063333,1,1
05-01-2021 17:05,0.587706008,0,0
05-01-2021 17:10,-2.218367353,0,0
05-01-2021 17:15,0.27503988,0,0
05-01-2021 17:20,-0.022964774,0,0
05-01-2021 17:25,0.868937249,0,0
05-01-2021 17:30,0.179370553,0,0
05-01-2021 17:35,-1.459603411,0,0
05-01-2021 17:40,1.794857252,0,0
05-01-2021 17:45,-0.23779436,0,0
05-01-2021 17:50,-0.040956809,0,0
05-01-2021 17:55,-1.399901939,0,0
05-01-2021 18:00,-0.664923377,0,0
05-01-2021 18:05,-1.327204071,0,0
05-01-2021 18:10,-0.25941909,0,0
05-01-2021 18:15,17.56756272,1,1
05-01-2021 18:20,-2.057851714,0,0
05-01-2021 18:25,-2.420342097,0,0
05-01-2021 18:30,2.206755491,0,0
05-01-2021 18:35,-0.313985516,0,0
05-01-2021 18:40,-1.003609108,0,0
05-01-2021 18:45,1.559857031,0,0
05-01-2021 18:50,-0.90842331,0,0
05-01-2021 18:55,2.73901457,0,0
05-01-2021 19:00,1.016888807,0,0
05-01-2021 19:05,-0.731867112,0,0
05-01-2021 19:10,3.23596232,0,0
05-01-2021 19:15,-0.908572385,0,0
05-01-2021 19:20,1.113143058,0,0
05-01-2021 19:25,0.448938871,0,0
05-01-2021 19:30,1.952611934,0,0
05-01-2021 19:35,2.342266795,0,0
05-01-2021 19:40,0.048006224,0,0
05-01-2021 19:45,-1.130126806,0,0
05-01-2021 19:50,0.689958214,0,0
05-01-2021 19:55,-1.016573055,0,0
05-01-2021 20:00,3.020080871,0,0
05-01-2021 20:05,0.204802997,0,0
05-01-2021 20:10,-0.547982327,0,0
05-01-2021 20:15,0.277020459,0,0
05-01-2021 20:20,-2.020689434,0,0
05-01-2021 20:25,-1.457421058,0,0
05-01-2021 20:30,1.800620862,0,0
05-01-2021 20:35,-0.985341418,0,0
05-01-2021 20:40,-1.570366474,0,0
05-01-2021 20:45,0.804979129,0,0
05-01-2021 20:50,1.778556232,0,0
05-01-2021 20:55,1.078429966,0,0
05-01-2021 21:00,1.494071529,0,0
05-01-2021 21:05,-1.135192633,0,0
05-01-2021 21:10,12.867284,1,1
05-01-2021 21:15,2.252000478,0,0
05-01-2021 21:20,-0.484019758,0,0
05-01-2021 21:25,-0.376249525,0,0
05-01-2021 21:30,1.992291213,0,0
05-01-2021 21:35,0.834345014,0,0
05-01-2021 21:40,0.683831658,0,0
05-01-2021 21:45,3.247503517,0,0
05-01-2021 21:50,-0.965277346,0,0
05-01-2021 21:55,1.391760192,0,0
05-01-2021 22:00,0.085519687,0,0
05-01-2021 22:05,0.402888418,0,0
05-01-2021 22:10,2.29270264,0,0
05-01-2021 22:15,0.761753634,0,0
05-01-2021 22:20,0.807444119,0,0
05-01-2021 22:25,1.608761006,0,0
05-01-2021 22:30,-0.547429094,0,0
05-01-2021 22:35,-1.258814501,0,0
05-01-2021 22:40,-1.567213791,0,0
05-01-2021 22:45,-2.949534884,0,0
05-01-2021 22:50,3.084310695,0,0
05-01-2021 22:55,-1.654812549,0,0
05-01-2021 23:00,-0.331880435,0,0
05-01-2021 23:05,-0.41521995,0,0
05-01-2021 23:10,0.461110047,0,0
05-01-2021 23:15,16.22360582,1,1
05-01-2021 23:20,1.290710233,0,0
05-01-2021 23:25,-0.874616158,0,0
05-01-2021 23:30,-0.250682571,0,0
05-01-2021 23:35,0.423869926,0,0
05-01-2021 23:40,-0.373036689,0,0
05-01-2021 23:45,2.411018364,0,0
05-01-2021 23:50,0.736462427,0,0
05-01-2021 23:55,1.102316679,0,0
06-01-2021 00:00,0.994321903,0,0
06-01-2021 00:05,1.760210786,0,0
06-01-2021 00:10,0.271532338,0,0
06-01-2021 00:15,-1.945247922,0,0
06-01-2021 00:20,0.599531928,0,0
06-01-2021 00:25,-0.977035341,0,0
06-01-2021 00:30,19.20707498,1,1
06-01-2021 00:35,0.879546028,0,0
06-01-2021 00:40,1.857424607,0,0
06-01-2021 00:45,0.031907365,0,0
06-01-2021 00:50,0.463249519,0,0
06-01-2021 00:55,2.553322417,0,0
06-01-2021 01:00,0.361129769,0,0
06-01-2021 01:05,3.902524671,0,0
06-01-2021 01:10,0.848264468,0,0
06-01-2021 01:15,-2.641144139,0,0
06-01-2021 01:20,1.130012432,0,0
06-01-2021 01:25,0.571737577,0,0
06-01-2021 01:30,1.934629131,0,0
06-01-2021 01:35,21.00977203,1,1
06-01-2021 01:40,-0.207683976,0,0
06-01-2021 01:45,-1.836447354,0,0
06-01-2021 01:50,-0.313534886,0,0
06-01-2021 01:55,-1.275780681,0,0
06-01-2021 02:00,-0.870785175,0,0
06-01-2021 02:05,0.882867607,0,0
06-01-2021 02:10,2.504856757,0,0
06-01-2021 02:15,0.592007295,0,0
06-01-2021 02:20,-1.793824593,0,0
06-01-2021 02:25,0.666904002,0,0
06-01-2021 02:30,1.79494723,0,0
06-01-2021 02:35,-0.914674356,0,0
06-01-2021 02:40,-0.20102575,0,0
06-01-2021 02:45,0.022032292,0,0
06-01-2021 02:50,-1.17734747,0,0
06-01-2021 02:55,0.972420651,0,0
06-01-2021 03:00,-0.181422223,0,0
06-01-2021 03:05,0.629298666,0,0
06-01-2021 03:10,-1.331238267,0,0
06-01-2021 03:15,-0.65618745,0,0
06-01-2021 03:20,1.083572037,0,0
06-01-2021 03:25,-0.559249728,0,0
06-01-2021 03:30,2.590445777,0,0
06-01-2021 03:35,-0.599454278,0,0
06-01-2021 03:40,0.337027089,0,0
06-01-2021 03:45,1.398886248,0,0
06-01-2021 03:50,-2.127548599,0,0
06-01-2021 03:55,-2.641213218,0,0
06-01-2021 04:00,-2.288484472,0,0
06-01-2021 04:05,1.893876155,0,0
06-01-2021 04:10,-0.827787219,0,0
06-01-2021 04:15,3.837298929,0,0
06-01-2021 04:20,-0.846371398,0,0
06-01-2021 04:25,0.276826955,0,0
06-01-2021 04:30,2.313164929,0,0
06-01-2021 04:35,13.00913933,1,1
06-01-2021 04:40,3.092255365,0,0
06-01-2021 04:45,1.812549346,0,0
06-01-2021 04:50,1.536093789,0,0
06-01-2021 04:55,0.888790424,0,0
06-01-2021 05:00,1.167541614,0,0
06-01-2021 05:05,-0.826778574,0,0
06-01-2021 05:10,-1.227298325,0,0
06-01-2021 05:15,19.99493831,1,1
06-01-2021 05:20,-0.255276934,0,0
06-01-2021 05:25,-0.679842074,0,0
06-01-2021 05:30,1.044581171,0,0
06-01-2021 05:35,1.432957813,0,0
06-01-2021 05:40,0.132610329,0,0
06-01-2021 05:45,2.216295122,0,0
06-01-2021 05:50,-1.712533671,0,0
06-01-2021 05:55,14.70951081,1,1
06-01-2021 06:00,-1.075233481,0,0
06-01-2021 06:05,-2.799804926,0,0
06-01-2021 06:10,-0.124021029,0,0
06-01-2021 06:15,-0.182621263,0,0
06-01-2021 06:20,2.270174615,0,0
06-01-2021 06:25,0.946217527,0,0
06-01-2021 06:30,18.46371976,1,1
06-01-2021 06:35,2.78113885,0,0
06-01-2021 06:40,1.831550543,0,0
06-01-2021 06:45,0.873146555,0,0
06-01-2021 06:50,-0.339726148,0,0
06-01-2021 06:55,-1.439158855,0,0
06-01-2021 07:00,-0.558310164,0,0
06-01-2021 07:05,1.63312293,0,0
06-01-2021 07:10,2.826879459,0,0
06-01-2021 07:15,2.314865292,0,0
06-01-2021 07:20,-0.733274133,0,0
06-01-2021 07:25,-1.67942615,0,0
06-01-2021 07:30,0.21132937,0,0
06-01-2021 07:35,-2.652659048,0,0
06-01-2021 07:40,0.484751571,0,0
06-01-2021 07:45,-0.221403879,0,0
06-01-2021 07:50,-0.699054753,0,0
06-01-2021 07:55,-2.392054601,0,0
06-01-2021 08:00,0.77040016,0,0
06-01-2021 08:05,-0.799051259,0,0
06-01-2021 08:10,-1.754875254,0,0
06-01-2021 08:15,-4.30839332,0,0
06-01-2021 08:20,-0.041272358,0,0
06-01-2021 08:25,2.658377395,0,0
06-01-2021 08:30,2.491888822,0,0
06-01-2021 08:35,-0.685644385,0,0
06-01-2021 08:40,-0.903318091,0,0
06-01-2021 08:45,0.703161384,0,0
06-01-2021 08:50,-1.497578159,0,0
06-01-2021 08:55,0.45268785,0,0
06-01-2021 09:00,1.149120418,0,0
06-01-2021 09:05,1.840399836,0,0
06-01-2021 09:10,-0.150231115,0,0
06-01-2021 09:15,-0.305510625,0,0
06-01-2021 09:20,-1.31697388,0,0
06-01-2021 09:25,-1.240320531,0,0
06-01-2021 09:30,-0.339718338,0,0
06-01-2021 09:35,0.55104826,0,0
06-01-2021 09:40,1.370376939,0,0
06-01-2021 09:45,-1.204768426,0,0
06-01-2021 09:50,2.239032853,0,0
06-01-2021 09:55,-0.406685402,0,0
06-01-2021 10:00,-0.032050942,0,0
06-01-2021 10:05,18.87918248,1,1
06-01-2021 10:10,16.36363961,1,1
06-01-2021 10:15,1.326068095,0,0
06-01-2021 10:20,1.105265846,0,0
06-01-2021 10:25,-0.421991336,0,0
06-01-2021 10:30,0.100486076,0,0
06-01-2021 10:35,0.773908827,0,0
06-01-2021 10:40,-2.343818785,0,0
06-01-2021 10:45,-0.793579016,0,0
06-01-2021 10:50,1.191397019,0,0
06-01-2021 10:55,-1.881434135,0,0
06-01-2021 11:00,10.4403369,1,1
06-01-2021 11:05,12.96512729,1,1
06-01-2021 11:10,0.699644974,0,0
06-01-2021 11:15,14.94653778,1,1
06-01-2021 11:20,-2.422697724,0,0
06-01-2021 11:25,1.747109032,0,0
06-01-2021 11:30,-1.101887365,0,0
06-01-2021 11:35,-1.215378656,0,0
06-01-2021 11:40,20.3008538,1,1
06-01-2021 11:45,1.722956024,0,0
06-01-2021 11:50,-1.523732728,0,0
06-01-2021 11:55,0.092519775,0,0
06-01-2021 12:00,0.64322475,0,0
06-01-2021 12:05,1.039658411,0,0
06-01-2021 12:10,15.26466233,1,1
06-01-2021 12:15,-0.550541759,0,0
06-01-2021 12:20,-1.241385331,0,0
06-01-2021 12:25,0.129215825,0,0
06-01-2021 12:30,-1.608208518,0,0
06-01-2021 12:35,-4.382025725,0,0
06-01-2021 12:40,0.654839706,0,0
06-01-2021 12:45,1.355902262,0,0
06-01-2021 12:50,-3.544398653,0,0
06-01-2021 12:55,-1.514596057,0,0
06-01-2021 13:00,0.928731392,0,0
06-01-2021 13:05,3.086243205,0,0
06-01-2021 13:10,0.031190562,0,0
06-01-2021 13:15,-1.092004412,0,0
06-01-2021 13:20,-0.274344662,0,0
06-01-2021 13:25,2.062314629,0,0
06-01-2021 13:30,-0.968946269,0,0
06-01-2021 13:35,-1.19878801,0,0
06-01-2021 13:40,-0.724115283,0,0
06-01-2021 13:45,-1.429992912,0,0
06-01-2021 13:50,0.184005474,0,0
06-01-2021 13:55,2.437017688,0,0
06-01-2021 14:00,0.48461891,0,0
06-01-2021 14:05,-0.378530253,0,0
06-01-2021 14:10,-0.437716903,0,0
06-01-2021 14:15,-2.344786213,0,0
06-01-2021 14:20,1.324664666,0,0
06-01-2021 14:25,-0.116755796,0,0
06-01-2021 14:30,-0.27071987,0,0
06-01-2021 14:35,4.789661352,0,0
06-01-2021 14:40,0.448129363,0,0
06-01-2021 14:45,8.872313425,1,1
06-01-2021 14:50,-0.639536394,0,0
06-01-2021 14:55,1.722668564,0,0
06-01-2021 15:00,0.169905616,0,0
06-01-2021 15:05,17.84258303,1,1
06-01-2021 15:10,1.378843402,0,0
06-01-2021 15:15,-1.002216128,0,0
06-01-2021 15:20,2.809946664,0,0
06-01-2021 15:25,1.620072099,0,0
06-01-2021 15:30,-0.670982843,0,0
06-01-2021 15:35,1.921524543,0,0
06-01-2021 15:40,0.101783266,0,0
06-01-2021 15:45,1.279160513,0,0
06-01-2021 15:50,10.72709923,1,1
06-01-2021 15:55,-1.269534982,0,0
06-01-2021 16:00,-0.965324748,0,0
06-01-2021 16:05,1.544941226,0,0
06-01-2021 16:10,-0.502162998,0,0
06-01-2021 16:15,-0.605472695,0,0
06-01-2021 16:20,-1.432683869,0,0
06-01-2021 16:25,15.6353986,1,1
06-01-2021 16:30,23.09378738,1,1
06-01-2021 16:35,-1.601299371,0,0
06-01-2021 16:40,0.036329185,0,0
06-01-2021 16:45,2.118330833,0,0
06-01-2021 16:50,-0.119462087,0,0
06-01-2021 16:55,15.67855769,1,1
06-01-2021 17:00,-1.593590292,0,0
06-01-2021 17:05,10.64246065,1,1
06-01-2021 17:10,-0.280716398,0,0
06-01-2021 17:15,11.47859499,1,1
06-01-2021 17:20,11.78107908,1,1
06-01-2021 17:25,3.884345463,0,0
06-01-2021 17:30,0.86944976,0,0
06-01-2021 17:35,0.488694475,0,0
06-01-2021 17:40,20.29157645,1,1
06-01-2021 17:45,-0.529749439,0,0
06-01-2021 17:50,0.507725765,0,0
06-01-2021 17:55,14.55689788,1,1
06-01-2021 18:00,0.252691464,0,0
06-01-2021 18:05,1.976396303,0,0
06-01-2021 18:10,-1.509813848,0,0
06-01-2021 18:15,1.709817842,0,0
06-01-2021 18:20,1.975672601,0,0
06-01-2021 18:25,-0.17710279,0,0
06-01-2021 18:30,-3.182782349,0,0
06-01-2021 18:35,19.08826702,1,1
06-01-2021 18:40,1.94549182,0,0
06-01-2021 18:45,-0.034302093,0,0
06-01-2021 18:50,-1.498953348,0,0
06-01-2021 18:55,-0.757162382,0,0
06-01-2021 19:00,1.26093004,0,0
06-01-2021 19:05,0.820100352,0,0
06-01-2021 19:10,-0.358398149,0,0
06-01-2021 19:15,-0.550236618,0,0
06-01-2021 19:20,-0.587637224,0,0
06-01-2021 19:25,-1.383615277,0,0
06-01-2021 19:30,2.423063534,0,0
06-01-2021 19:35,-0.483480704,0,0
06-01-2021 19:40,1.825737781,0,0
06-01-2021 19:45,2.281974078,0,0
06-01-2021 19:50,1.497466347,0,0
06-01-2021 19:55,-0.647430469,0,0
06-01-2021 20:00,0.605595136,0,0
06-01-2021 20:05,-0.03629341,0,0
06-01-2021 20:10,-1.355552791,0,0
06-01-2021 20:15,0.486538923,0,0
06-01-2021 20:20,-1.768559687,0,0
06-01-2021 20:25,1.781519083,0,0
06-01-2021 20:30,-0.696925946,0,0
06-01-2021 20:35,0.301739484,0,0
06-01-2021 20:40,0.424931807,0,0
06-01-2021 20:45,19.61164254,1,1
06-01-2021 20:50,0.880040702,0,0
06-01-2021 20:55,-0.712355485,0,0
06-01-2021 21:00,1.306945946,0,0
06-01-2021 21:05,-2.01896952,0,0
06-01-2021 21:10,0.189569369,0,0
06-01-2021 21:15,2.908393499,0,0
06-01-2021 21:20,-1.500496987,0,0
06-01-2021 21:25,-1.016617456,0,0
06-01-2021 21:30,20.77086177,1,1
06-01-2021 21:35,10.26937267,1,1
06-01-2021 21:40,0.525945149,0,0
06-01-2021 21:45,0.733780695,0,0
06-01-2021 21:50,0.952082203,0,0
06-01-2021 21:55,11.66454976,1,1
06-01-2021 22:00,20.61472799,1,1
06-01-2021 22:05,-0.361886482,0,0
06-01-2021 22:10,1.008860552,0,0
06-01-2021 22:15,2.849822902,0,0
06-01-2021 22:20,-0.19895062,0,0
06-01-2021 22:25,-1.461793957,0,0
06-01-2021 22:30,1.660621004,0,0
06-01-2021 22:35,-0.180571746,0,0
06-01-2021 22:40,-3.259004319,0,0
06-01-2021 22:45,16.27113252,1,1
06-01-2021 22:50,-0.802992279,0,0
06-01-2021 22:55,9.864200077,1,1
06-01-2021 23:00,0.497970496,0,0
06-01-2021 23:05,0.28574952,0,0
06-01-2021 23:10,1.064177726,0,0
06-01-2021 23:15,-0.653229556,0,0
06-01-2021 23:20,0.769658697,0,0
06-01-2021 23:25,-0.389320016,0,0
06-01-2021 23:30,1.108215721,0,0
06-01-2021 23:35,0.923051226,0,0
06-01-2021 23:40,-1.403158053,0,0
06-01-2021 23:45,1.628973174,0,0
06-01-2021 23:50,9.196054832,1,1
06-01-2021 23:55,1.212086697,0,0
07-01-2021 00:00,0.55093097,0,0
07-01-2021 00:05,2.757275515,0,0
07-01-2021 00:10,19.66480103,1,1
07-01-2021 00:15,14.47602481,1,1
07-01-2021 00:20,-0.029129409,0,0
07-01-2021 00:25,-0.454769674,0,0
07-01-2021 00:30,1.199912853,0,0
07-01-2021 00:35,-2.424465913,0,0
07-01-2021 00:40,-1.580523629,0,0
07-01-2021 00:45,-1.601704382,0,0
07-01-2021 00:50,1.425461388,0,0
07-01-2021 00:55,2.565920059,0,0
07-01-2021 01:00,-0.156673828,0,0
07-01-2021 01:05,-0.253232585,0,0
07-01-2021 01:10,0.105078245,0,0
07-01-2021 01:15,1.742817454,0,0
07-01-2021 01:20,-1.391029701,0,0
07-01-2021 01:25,0.357553474,0,0
07-01-2021 01:30,1.462796445,0,0
07-01-2021 01:35,0.751641255,0,0
07-01-2021 01:40,0.284372425,0,0
07-01-2021 01:45,1.501569139,0,0
07-01-2021 01:50,-4.054848439,0,0
07-01-2021 01:55,1.016812979,0,0
07-01-2021 02:00,-0.981113525,0,0
07-01-2021 02:05,-2.745949345,0,0
07-01-2021 02:10,0.766803899,0,0
07-01-2021 02:15,2.060487818,0,0
07-01-2021 02:20,-0.206172772,0,0
07-01-2021 02:25,1.429311821,0,0
07-01-2021 02:30,2.418417387,0,0
07-01-2021 02:35,1.97237168,0,0
07-01-2021 02:40,22.45994679,1,1
07-01-2021 02:45,1.113191237,0,0
07-01-2021 02:50,0.113150458,0,0
07-01-2021 02:55,-2.402948718,0,0
07-01-2021 03:00,-0.369093732,0,0
07-01-2021 03:05,-1.264869893,0,0
07-01-2021 03:10,3.256414076,0,0
07-01-2021 03:15,-0.263828719,0,0
07-01-2021 03:20,0.18480721,0,0
07-01-2021 03:25,0.827228064,0,0
07-01-2021 03:30,0.06540367,0,0
07-01-2021 03:35,2.542576561,0,0
07-01-2021 03:40,-0.933974043,0,0
07-01-2021 03:45,0.291911183,0,0
07-01-2021 03:50,-1.113705879,0,0
07-01-2021 03:55,-1.980033767,0,0
07-01-2021 04:00,-0.917653636,0,0
07-01-2021 04:05,-0.055555196,0,0
07-01-2021 04:10,19.35604666,1,1
07-01-2021 04:15,-1.03863147,0,0
07-01-2021 04:20,-2.109476196,0,0
07-01-2021 04:25,-0.124658359,0,0
07-01-2021 04:30,-2.257080561,0,0
07-01-2021 04:35,1.140083946,0,0
07-01-2021 04:40,0.123659629,0,0
07-01-2021 04:45,7.813672751,1,1
07-01-2021 04:50,-0.463813616,0,0
07-01-2021 04:55,-1.128234608,0,0
07-01-2021 05:00,0.478761766,0,0
07-01-2021 05:05,2.010675669,0,0
07-01-2021 05:10,-2.812758704,0,0
07-01-2021 05:15,0.172539119,0,0
07-01-2021 05:20,-0.240199193,0,0
07-01-2021 05:25,1.007010115,0,0
07-01-2021 05:30,0.319794942,0,0
07-01-2021 05:35,-1.127953998,0,0
07-01-2021 05:40,-0.478580903,0,0
07-01-2021 05:45,-1.194038785,0,0
07-01-2021 05:50,1.614010708,0,0
07-01-2021 05:55,0.031967473,0,0
07-01-2021 06:00,2.851786029,0,0
07-01-2021 06:05,-0.090991221,0,0
07-01-2021 06:10,-1.06261015,0,0
07-01-2021 06:15,-2.270571589,0,0
07-01-2021 06:20,-2.704709514,0,0
07-01-2021 06:25,-2.376203915,0,0
07-01-2021 06:30,0.400689977,0,0
07-01-2021 06:35,15.76308753,1,1
07-01-2021 06:40,-2.371786053,0,0
07-01-2021 06:45,1.342557471,0,0
07-01-2021 06:50,-0.724591578,0,0
07-01-2021 06:55,0.220189518,0,0
07-01-2021 07:00,2.418330942,0,0
07-01-2021 07:05,1.345258974,0,0
07-01-2021 07:10,-0.402795972,0,0
07-01-2021 07:15,-1.336788338,0,0
07-01-2021 07:20,-3.227723102,0,0
07-01-2021 07:25,8.921270021,1,1
07-01-2021 07:30,-0.316695358,0,0
07-01-2021 07:35,-1.480769291,0,0
07-01-2021 07:40,-0.196885451,0,0
07-01-2021 07:45,0.115277824,0,0
07-01-2021 07:50,-0.337283973,0,0
07-01-2021 07:55,-0.975003871,0,0
07-01-2021 08:00,0.252982008,0,0
07-01-2021 08:05,15.66291097,1,1
07-01-2021 08:10,-1.635598616,0,0
07-01-2021 08:15,2.11639857,0,0
07-01-2021 08:20,-0.147882198,0,0
07-01-2021 08:25,0.028274434,0,0
07-01-2021 08:30,1.062321635,0,0
07-01-2021 08:35,15.3498242,1,1
07-01-2021 08:40,1.429704951,0,0
07-01-2021 08:45,0.430686248,0,0
07-01-2021 08:50,-0.918656062,0,0
07-01-2021 08:55,0.542255288,0,0
07-01-2021 09:00,-1.715589311,0,0
07-01-2021 09:05,0.162839559,0,0
07-01-2021 09:10,-0.049844986,0,0
07-01-2021 09:15,-0.312175286,0,0
07-01-2021 09:20,-0.192806267,0,0
07-01-2021 09:25,17.17722643,1,1
07-01-2021 09:30,-0.823087362,0,0
07-01-2021 09:35,0.139267352,0,0
07-01-2021 09:40,20.23978459,1,1
07-01-2021 09:45,-1.541512711,0,0
07-01-2021 09:50,1.898561761,0,0
07-01-2021 09:55,-1.299262272,0,0
07-01-2021 10:00,1.454185801,0,0
07-01-2021 10:05,0.640791543,0,0
07-01-2021 10:10,-0.969340965,0,0
07-01-2021 10:15,2.662966339,0,0
07-01-2021 10:20,-1.790455248,0,0
07-01-2021 10:25,1.37873126,0,0
07-01-2021 10:30,1.500873477,0,0
07-01-2021 10:35,-1.005930314,0,0
07-01-2021 10:40,22.08869795,1,1
07-01-2021 10:45,-0.375069772,0,0
07-01-2021 10:50,15.43304044,1,1
07-01-2021 10:55,0.390482758,0,0
07-01-2021 11:00,-0.201463112,0,0
07-01-2021 11:05,1.21621241,0,0
07-01-2021 11:10,1.190233081,0,0
07-01-2021 11:15,-2.62279796,0,0
07-01-2021 11:20,1.956510364,0,0
07-01-2021 11:25,-2.493737982,0,0
07-01-2021 11:30,1.548819307,0,0
07-01-2021 11:35,1.690057705,0,0
07-01-2021 11:40,-1.636449645,0,0
07-01-2021 11:45,-0.616221432,0,0
07-01-2021 11:50,8.341442997,1,1
07-01-2021 11:55,-0.322381545,0,0
07-01-2021 12:00,-0.462051426,0,0
07-01-2021 12:05,11.1694908,1,1
07-01-2021 12:10,1.965463119,0,0
07-01-2021 12:15,2.093525716,0,0
07-01-2021 12:20,-0.84325204,0,0
07-01-2021 12:25,-0.313832811,0,0
07-01-2021 12:30,-2.525157288,0,0
07-01-2021 12:35,-1.2088051,0,0
07-01-2021 12:40,21.44727745,1,1
07-01-2021 12:45,2.423374235,0,0
07-01-2021 12:50,-1.851523308,0,0
07-01-2021 12:55,19.11130361,1,1
07-01-2021 13:00,-0.039608635,0,0
07-01-2021 13:05,0.420241738,0,0
07-01-2021 13:10,-1.21440528,0,0
07-01-2021 13:15,0.636091567,0,0
07-01-2021 13:20,-0.710759021,0,0
07-01-2021 13:25,14.97832159,1,1
07-01-2021 13:30,0.819426372,0,0
07-01-2021 13:35,0.009633405,0,0
07-01-2021 13:40,-0.654578836,0,0
07-01-2021 13:45,-0.164414706,0,0
07-01-2021 13:50,-0.132544439,0,0
07-01-2021 13:55,19.44498346,1,1
07-01-2021 14:00,-0.388194094,0,0
07-01-2021 14:05,2.397970756,0,0
07-01-2021 14:10,20.84137917,1,1
07-01-2021 14:15,-0.443220477,0,0
07-01-2021 14:20,1.045431607,0,0
07-01-2021 14:25,-0.500729235,0,0
07-01-2021 14:30,16.75968696,1,1
07-01-2021 14:35,0.554463288,0,0
07-01-2021 14:40,-0.160953216,0,0
07-01-2021 14:45,0.671575389,0,0
07-01-2021 14:50,-2.356314228,0,0
07-01-2021 14:55,-1.690151203,0,0
07-01-2021 15:00,-1.79088751,0,0
07-01-2021 15:05,0.214414642,0,0
07-01-2021 15:10,2.598772499,0,0
07-01-2021 15:15,3.346950219,0,0
07-01-2021 15:20,20.95707665,1,1
07-01-2021 15:25,10.75126671,1,1
07-01-2021 15:30,-2.701586601,0,0
07-01-2021 15:35,-0.8140107,0,0
07-01-2021 15:40,-1.181675628,0,0
07-01-2021 15:45,-0.931271397,0,0
07-01-2021 15:50,-0.252215728,0,0
07-01-2021 15:55,-0.708135867,0,0
07-01-2021 16:00,-2.968949716,0,0
07-01-2021 16:05,1.121865384,0,0
07-01-2021 16:10,-1.609114539,0,0
07-01-2021 16:15,0.358870296,0,0
07-01-2021 16:20,3.111124005,0,0
07-01-2021 16:25,-1.379076887,0,0
07-01-2021 16:30,-3.795431284,0,0
07-01-2021 16:35,-0.429006333,0,0
07-01-2021 16:40,1.651439452,0,0
07-01-2021 16:45,2.937521181,0,0
07-01-2021 16:50,-1.844324392,0,0
07-01-2021 16:55,0.745048835,0,0
07-01-2021 17:00,-0.697965685,0,0
07-01-2021 17:05,-0.158922531,0,0
07-01-2021 17:10,3.966515021,0,0
07-01-2021 17:15,-2.254455493,0,0
07-01-2021 17:20,0.380609492,0,0
07-01-2021 17:25,0.701539758,0,0
07-01-2021 17:30,1.628679487,0,0
07-01-2021 17:35,0.14697473,0,0
07-01-2021 17:40,0.462075809,0,0
07-01-2021 17:45,9.412527149,1,1
07-01-2021 17:50,15.40369041,1,1
07-01-2021 17:55,-0.514788413,0,0
07-01-2021 18:00,0.932357835,0,0
07-01-2021 18:05,-0.554415504,0,0
07-01-2021 18:10,0.565650591,0,0
07-01-2021 18:15,9.956105779,1,1
07-01-2021 18:20,1.689075376,0,0
07-01-2021 18:25,-0.077090585,0,0
07-01-2021 18:30,-2.659548702,0,0
07-01-2021 18:35,16.89288225,1,1
07-01-2021 18:40,-1.358598451,0,0
07-01-2021 18:45,19.01935049,1,1
07-01-2021 18:50,-0.893491941,0,0
07-01-2021 18:55,2.06165714,0,0
07-01-2021 19:00,-3.203511321,0,0
07-01-2021 19:05,4.7066228,0,0
07-01-2021 19:10,1.584085214,0,0
07-01-2021 19:15,0.334858371,0,0
07-01-2021 19:20,-0.082341001,0,0
07-01-2021 19:25,0.428331112,0,0
07-01-2021 19:30,10.78168364,1,1
07-01-2021 19:35,0.967823379,0,0
07-01-2021 19:40,0.833406699,0,0
07-01-2021 19:45,0.134371022,0,0
07-01-2021 19:50,-0.29600763,0,0
07-01-2021 19:55,-0.226909925,0,0
07-01-2021 20:00,-0.292362421,0,0
07-01-2021 20:05,1.700655145,0,0
07-01-2021 20:10,0.890335083,0,0
07-01-2021 20:15,-4.410582952,0,0
07-01-2021 20:20,0.983851165,0,0
07-01-2021 20:25,0.292104292,0,0
07-01-2021 20:30,-0.028063135,0,0
07-01-2021 20:35,-0.58277768,0,0
07-01-2021 20:40,1.68616908,0,0
07-01-2021 20:45,1.421289693,0,0
07-01-2021 20:50,-1.159316502,0,0
07-01-2021 20:55,0.610578431,0,0
07-01-2021 21:00,-1.457485102,0,0
07-01-2021 21:05,-2.069427247,0,0
07-01-2021 21:10,-0.940075837,0,0
07-01-2021 21:15,21.29359021,1,1
07-01-2021 21:20,1.429687568,0,0
07-01-2021 21:25,0.76962813,0,0
07-01-2021 21:30,1.08764368,0,0
07-01-2021 21:35,0.774267431,0,0
07-01-2021 21:40,-0.962222393,0,0
07-01-2021 21:45,0.647883817,0,0
07-01-2021 21:50,1.200614288,0,0
07-01-2021 21:55,16.13143699,1,1
07-01-2021 22:00,1.783370057,0,0
07-01-2021 22:05,1.062455771,0,0
07-01-2021 22:10,10.52717231,1,1
07-01-2021 22:15,1.605225357,0,0
07-01-2021 22:20,-0.039781889,0,0
07-01-2021 22:25,-1.322811977,0,0
07-01-2021 22:30,-0.244600446,0,0
07-01-2021 22:35,-1.117353967,0,0
